room,image_url
1,https://fastly.picsum.photos/id/911/400/400.jpg?hmac=co2_G5ovTdaAFQPZa2Qk2Iu9yI6DF5tX6-ix9CModKc
1,https://fastly.picsum.photos/id/272/400/400.jpg?hmac=pglkkvUXH16SLoeID18NGfxozpQ6lWKmFKPey73_fM4
1,https://fastly.picsum.photos/id/581/400/400.jpg?hmac=hwxtFszmLrsPiu7tNwSekrVbiD-QTBhbhFFo27A4H38
1,https://fastly.picsum.photos/id/139/400/400.jpg?hmac=Uo3ylOVkqbiLwCvoUlxv2l6PoudDGzYYV92C-Q5AVwM
1,https://fastly.picsum.photos/id/774/400/400.jpg?hmac=uDnhKbsrYwWj0eulWZhNCEMd-q7cM2a416N05g9Xhhg
2,https://fastly.picsum.photos/id/774/400/400.jpg?hmac=uDnhKbsrYwWj0eulWZhNCEMd-q7cM2a416N05g9Xhhg
2,https://fastly.picsum.photos/id/799/400/400.jpg?hmac=SQrQAgiQnC2qPi-aHGyMKBSGPXu7N1n_J5sphuPDUes
2,https://fastly.picsum.photos/id/954/400/400.jpg?hmac=Ov_K_SaxkGtW_fJhn1L60ygBTPQOU5xBdCu8FsTX8lk
3,https://fastly.picsum.photos/id/588/400/400.jpg?hmac=YNof9QFmDmhg-cRnnDfLppdK6DTeHjr1FeP7jZ5ytk8
4,https://fastly.picsum.photos/id/503/400/400.jpg?hmac=CSsJdCrx_m46C029sVAtMy5oL4KwaM2zZ_P9WhUBT98
4,https://fastly.picsum.photos/id/859/400/400.jpg?hmac=xXqZLY1pLY8bgeNWixWyG36s5QGtNA2G5IdNedqbxaM
4,https://fastly.picsum.photos/id/851/400/400.jpg?hmac=-DNfE5buq2TMgdKnMQVrwFzaGrDUgNlkZYK4F2eCaBE
5,https://fastly.picsum.photos/id/813/400/400.jpg?hmac=3eUkOPA1X4a9JB_fNq27cSoZ_ii17tUciJnLjDvW7lA
5,https://fastly.picsum.photos/id/351/400/400.jpg?hmac=QemK0NgVfhKImDnnGFcVohDf53fHdXqHtB_DgXdFm_4
5,https://fastly.picsum.photos/id/559/400/400.jpg?hmac=VtDOUMtOgu-SWe2JIejF4EjESOCTiOP2rr4omqf4GAo
5,https://fastly.picsum.photos/id/112/400/400.jpg?hmac=60KWAFCy-kqydDF41A6hT-Hc1_mOVJJFejEqh3a-8fc
5,https://fastly.picsum.photos/id/1054/400/400.jpg?hmac=tQB1YYxYgDdAseNnQ3Ewo_ZS1eVz2ONyLmZ_-2Uyy_E
6,https://fastly.picsum.photos/id/562/400/400.jpg?hmac=lG-mAqOwH3UNyfJ2kBOUvagmSmYVnOTaE-34dAiSs2s
6,https://fastly.picsum.photos/id/655/400/400.jpg?hmac=M3L8FzZNxlC4tX2iPk4hmjmxf6OZNPaxHApWCrn2CEU
6,https://fastly.picsum.photos/id/613/400/400.jpg?hmac=T5VBlvR9xONOF3PKsf4fkYHovCjCMkzTn3X1nvMxZeg
6,https://fastly.picsum.photos/id/153/400/400.jpg?hmac=3TSGL4jmzwMcBMdDUOqw_vj6eOcUBeBHFeadjnyFpWQ
6,https://fastly.picsum.photos/id/700/400/400.jpg?hmac=LioHoTzbAdUMxyAIiUUQEmu80_1_SN0UPr8VpNgYxGs
6,https://fastly.picsum.photos/id/454/400/400.jpg?hmac=gNa9-nZrP5LIX1bSSxqo6wP-1wBpQQE18rEh3dlTeZk
6,https://fastly.picsum.photos/id/72/400/400.jpg?hmac=Plu7Ga8ryGrQh_ES-RSelfvt5JHDrz9SVxMWiUb2PKI
7,https://fastly.picsum.photos/id/1013/400/400.jpg?hmac=IPshdF4clrkLnbBc-G7DvuGrce6xlqEYnVizCwqrB3A
7,https://fastly.picsum.photos/id/6/400/400.jpg?hmac=n8qkuXeCCuicHIj6bS1b5F1nR6RlOkW62N7Y8DWD80o
7,https://fastly.picsum.photos/id/559/400/400.jpg?hmac=VtDOUMtOgu-SWe2JIejF4EjESOCTiOP2rr4omqf4GAo
7,https://fastly.picsum.photos/id/562/400/400.jpg?hmac=lG-mAqOwH3UNyfJ2kBOUvagmSmYVnOTaE-34dAiSs2s
8,https://fastly.picsum.photos/id/940/400/400.jpg?hmac=-2sTA1minw9QpqhwlBkLG_EBiADfH09BPU_VwY2fwVk
8,https://fastly.picsum.photos/id/112/400/400.jpg?hmac=60KWAFCy-kqydDF41A6hT-Hc1_mOVJJFejEqh3a-8fc
8,https://fastly.picsum.photos/id/123/400/400.jpg?hmac=QD7b6QzGyY7XjjhJTop0Jzk99lFU5RqAS89LBUl14pY
8,https://fastly.picsum.photos/id/23/400/400.jpg?hmac=A1FSOaAQ7D4BQCzj_VS_C9HmqMkd616oBBE9ZbIl0zo
8,https://fastly.picsum.photos/id/826/400/400.jpg?hmac=nIp6K5g0Qmx36DCDTSbjRkH2Y4GyEABUxGWAtoT0IZg
8,https://fastly.picsum.photos/id/522/400/400.jpg?hmac=1t1KtQINbgAMO6-r99mb0RXau9NzQuK5SltVtqh5rec
9,https://fastly.picsum.photos/id/248/400/400.jpg?hmac=fe1xglCSblBCxLQdOdJnEPlFuTdLrdWkjUWqi9XQlWw
9,https://fastly.picsum.photos/id/238/400/400.jpg?hmac=EZ0gF5HUYfUrZCh1uVdIt0KZVfEf_oAnlX69srXrS2w
10,https://fastly.picsum.photos/id/581/400/400.jpg?hmac=hwxtFszmLrsPiu7tNwSekrVbiD-QTBhbhFFo27A4H38
10,https://fastly.picsum.photos/id/522/400/400.jpg?hmac=1t1KtQINbgAMO6-r99mb0RXau9NzQuK5SltVtqh5rec
11,https://fastly.picsum.photos/id/974/400/400.jpg?hmac=5PplVn4aWTciYtF9wboItgocuhWZPePqfKh4AjjE2Wc
11,https://fastly.picsum.photos/id/774/400/400.jpg?hmac=uDnhKbsrYwWj0eulWZhNCEMd-q7cM2a416N05g9Xhhg
11,https://fastly.picsum.photos/id/581/400/400.jpg?hmac=hwxtFszmLrsPiu7tNwSekrVbiD-QTBhbhFFo27A4H38
11,https://fastly.picsum.photos/id/695/400/400.jpg?hmac=EhewcZbcbrAyVi3eDFv6PbITIaYEXC7GII6LdJ9znbY
11,https://fastly.picsum.photos/id/859/400/400.jpg?hmac=xXqZLY1pLY8bgeNWixWyG36s5QGtNA2G5IdNedqbxaM
12,https://fastly.picsum.photos/id/948/400/400.jpg?hmac=2G8l9byDJFjAzC12XS85zCdWhtFqYNHCVk1MdMfky90
12,https://fastly.picsum.photos/id/513/400/400.jpg?hmac=vPJppb7oLv9sl661tuTQeGBtE1q-ChHgc3eZ-8NXXzA
12,https://fastly.picsum.photos/id/678/400/400.jpg?hmac=_UyWsGoQX8ADlybW4nUY_kpn3xgCkfgEPZs688S5XJ4
12,https://fastly.picsum.photos/id/272/400/400.jpg?hmac=pglkkvUXH16SLoeID18NGfxozpQ6lWKmFKPey73_fM4
12,https://fastly.picsum.photos/id/503/400/400.jpg?hmac=CSsJdCrx_m46C029sVAtMy5oL4KwaM2zZ_P9WhUBT98
12,https://fastly.picsum.photos/id/1018/400/400.jpg?hmac=MwHJoMaVXsBbqg-LFoDVL6P8TCDkSEikExptCkkHESQ
12,https://fastly.picsum.photos/id/924/400/400.jpg?hmac=tQftYvphtHBbujy0cbYoGqmMQV7TVpqA8endeZBgLhU
13,https://fastly.picsum.photos/id/279/400/400.jpg?hmac=AR_olfXwCSUsdtJHk4JJMNhtA99_KfWEMr6EVRff234
14,https://fastly.picsum.photos/id/813/400/400.jpg?hmac=3eUkOPA1X4a9JB_fNq27cSoZ_ii17tUciJnLjDvW7lA
14,https://fastly.picsum.photos/id/352/400/400.jpg?hmac=lX7DQ0605V4LJ0K2XnQprEp5-0NWxrjbvlGAzNIeI2A
15,https://fastly.picsum.photos/id/57/400/400.jpg?hmac=f7TTv7JWj2qSu78t0A6gbhwMWG8WXXLe7qsrDZKC3d4
15,https://fastly.picsum.photos/id/680/400/400.jpg?hmac=zSHmxd-nPwXqcD28zMBIio6BniwtmOYbyFWRPo-bgQc
15,https://fastly.picsum.photos/id/162/400/400.jpg?hmac=K4cAzDwKlnW224C4pzJzqoDBYnyFx_r_wycolqysXIQ
15,https://fastly.picsum.photos/id/945/400/400.jpg?hmac=5H_NzDUaLUNFNPg-Zvty16_Ua5GyAnCj3ifjf2evjaQ
15,https://fastly.picsum.photos/id/23/400/400.jpg?hmac=A1FSOaAQ7D4BQCzj_VS_C9HmqMkd616oBBE9ZbIl0zo
15,https://fastly.picsum.photos/id/191/400/400.jpg?hmac=YCCDFslYbRCTsYI0sqyLDlrA6WkswfZSs2ha8RQiNmU
16,https://fastly.picsum.photos/id/945/400/400.jpg?hmac=5H_NzDUaLUNFNPg-Zvty16_Ua5GyAnCj3ifjf2evjaQ
16,https://fastly.picsum.photos/id/655/400/400.jpg?hmac=M3L8FzZNxlC4tX2iPk4hmjmxf6OZNPaxHApWCrn2CEU
16,https://fastly.picsum.photos/id/123/400/400.jpg?hmac=QD7b6QzGyY7XjjhJTop0Jzk99lFU5RqAS89LBUl14pY
16,https://fastly.picsum.photos/id/538/400/400.jpg?hmac=NKzt_WI6At3WwIW0R1CLB5cIpN2yCtY9A5kbdXnIYOE
17,https://fastly.picsum.photos/id/695/400/400.jpg?hmac=EhewcZbcbrAyVi3eDFv6PbITIaYEXC7GII6LdJ9znbY
17,https://fastly.picsum.photos/id/409/400/400.jpg?hmac=wTpk94QN2lEwMS0IcP22wbN_24dSYIUJcCDUSpTpNzQ
17,https://fastly.picsum.photos/id/990/400/400.jpg?hmac=AQWrekLSql_UwSlfZAV_whKt7lqIAv4LoL_6PLqkAO0
17,https://fastly.picsum.photos/id/244/400/400.jpg?hmac=SENBSZUq29a-626toD3aqbH1sjj1ildBvynyhgZRrkU
17,https://fastly.picsum.photos/id/940/400/400.jpg?hmac=-2sTA1minw9QpqhwlBkLG_EBiADfH09BPU_VwY2fwVk
17,https://fastly.picsum.photos/id/153/400/400.jpg?hmac=3TSGL4jmzwMcBMdDUOqw_vj6eOcUBeBHFeadjnyFpWQ
18,https://fastly.picsum.photos/id/72/400/400.jpg?hmac=Plu7Ga8ryGrQh_ES-RSelfvt5JHDrz9SVxMWiUb2PKI
18,https://fastly.picsum.photos/id/990/400/400.jpg?hmac=AQWrekLSql_UwSlfZAV_whKt7lqIAv4LoL_6PLqkAO0
18,https://fastly.picsum.photos/id/513/400/400.jpg?hmac=vPJppb7oLv9sl661tuTQeGBtE1q-ChHgc3eZ-8NXXzA
19,https://fastly.picsum.photos/id/687/400/400.jpg?hmac=yfYthJVRc22f65NQ29m7kH6RXqHPC3Ms6gm7k42-Rfc
19,https://fastly.picsum.photos/id/237/400/400.jpg?hmac=xOOBt-lNJA0YjxEj0QoS_0PZV5iI3oxZA_weJ4E1xEw
19,https://fastly.picsum.photos/id/279/400/400.jpg?hmac=AR_olfXwCSUsdtJHk4JJMNhtA99_KfWEMr6EVRff234
19,https://fastly.picsum.photos/id/72/400/400.jpg?hmac=Plu7Ga8ryGrQh_ES-RSelfvt5JHDrz9SVxMWiUb2PKI
19,https://fastly.picsum.photos/id/881/400/400.jpg?hmac=o-Q84ddqszROQ4dQ_zdPkldmzFEN7D6faHSYpk1PoEA
19,https://fastly.picsum.photos/id/96/400/400.jpg?hmac=Dk827JJjclA8rM8TKwQT8Udpb36cDGAIOVR0eZZRRbc
20,https://fastly.picsum.photos/id/680/400/400.jpg?hmac=zSHmxd-nPwXqcD28zMBIio6BniwtmOYbyFWRPo-bgQc
21,https://fastly.picsum.photos/id/307/400/400.jpg?hmac=33QtVjjsh6K3RV2eKw9Uc8XSvAa87-TzC5KIRbf-dQY
21,https://fastly.picsum.photos/id/990/400/400.jpg?hmac=AQWrekLSql_UwSlfZAV_whKt7lqIAv4LoL_6PLqkAO0
22,https://fastly.picsum.photos/id/553/400/400.jpg?hmac=4x03cgGGX1_AI8JbEmmtOashqfDEAMgcPqb6mw09-eo
22,https://fastly.picsum.photos/id/678/400/400.jpg?hmac=_UyWsGoQX8ADlybW4nUY_kpn3xgCkfgEPZs688S5XJ4
23,https://fastly.picsum.photos/id/732/400/400.jpg?hmac=dVeyGbhn4nFNQja8XaWyIvXeBv6b6ypODww7og0-U5s
23,https://fastly.picsum.photos/id/559/400/400.jpg?hmac=VtDOUMtOgu-SWe2JIejF4EjESOCTiOP2rr4omqf4GAo
23,https://fastly.picsum.photos/id/409/400/400.jpg?hmac=wTpk94QN2lEwMS0IcP22wbN_24dSYIUJcCDUSpTpNzQ
23,https://fastly.picsum.photos/id/1071/400/400.jpg?hmac=4Yn3n8EM483VK-ho9zFRF8sS92CzZ_Q_P7ybhgdKZas
24,https://fastly.picsum.photos/id/655/400/400.jpg?hmac=M3L8FzZNxlC4tX2iPk4hmjmxf6OZNPaxHApWCrn2CEU
25,https://fastly.picsum.photos/id/613/400/400.jpg?hmac=T5VBlvR9xONOF3PKsf4fkYHovCjCMkzTn3X1nvMxZeg
25,https://fastly.picsum.photos/id/352/400/400.jpg?hmac=lX7DQ0605V4LJ0K2XnQprEp5-0NWxrjbvlGAzNIeI2A
26,https://fastly.picsum.photos/id/559/400/400.jpg?hmac=VtDOUMtOgu-SWe2JIejF4EjESOCTiOP2rr4omqf4GAo
27,https://fastly.picsum.photos/id/583/400/400.jpg?hmac=w4TG6bKp3S8mgkq3XjK2nnc71AIAzWhtl8jj-NGqzbI
27,https://fastly.picsum.photos/id/518/400/400.jpg?hmac=o9Hg_VvgGq4EfyIfNLeT5R4ERz4H7ZwnJy78WBw6Ybs
27,https://fastly.picsum.photos/id/237/400/400.jpg?hmac=xOOBt-lNJA0YjxEj0QoS_0PZV5iI3oxZA_weJ4E1xEw
28,https://fastly.picsum.photos/id/869/400/400.jpg?hmac=AoQVezsPrGgqOBq8D--yQtm_UThJYByISP4F8l-1kSU
28,https://fastly.picsum.photos/id/823/400/400.jpg?hmac=zD2JOVcnyEQitZ9ParFl0vy8ZJ4K28XAh4RzDRg0K_E
29,https://fastly.picsum.photos/id/559/400/400.jpg?hmac=VtDOUMtOgu-SWe2JIejF4EjESOCTiOP2rr4omqf4GAo
30,https://fastly.picsum.photos/id/238/400/400.jpg?hmac=EZ0gF5HUYfUrZCh1uVdIt0KZVfEf_oAnlX69srXrS2w
30,https://fastly.picsum.photos/id/687/400/400.jpg?hmac=yfYthJVRc22f65NQ29m7kH6RXqHPC3Ms6gm7k42-Rfc
30,https://fastly.picsum.photos/id/237/400/400.jpg?hmac=xOOBt-lNJA0YjxEj0QoS_0PZV5iI3oxZA_weJ4E1xEw
31,https://fastly.picsum.photos/id/687/400/400.jpg?hmac=yfYthJVRc22f65NQ29m7kH6RXqHPC3Ms6gm7k42-Rfc
32,https://fastly.picsum.photos/id/583/400/400.jpg?hmac=w4TG6bKp3S8mgkq3XjK2nnc71AIAzWhtl8jj-NGqzbI
32,https://fastly.picsum.photos/id/307/400/400.jpg?hmac=33QtVjjsh6K3RV2eKw9Uc8XSvAa87-TzC5KIRbf-dQY
33,https://fastly.picsum.photos/id/553/400/400.jpg?hmac=4x03cgGGX1_AI8JbEmmtOashqfDEAMgcPqb6mw09-eo
34,https://fastly.picsum.photos/id/911/400/400.jpg?hmac=co2_G5ovTdaAFQPZa2Qk2Iu9yI6DF5tX6-ix9CModKc
34,https://fastly.picsum.photos/id/238/400/400.jpg?hmac=EZ0gF5HUYfUrZCh1uVdIt0KZVfEf_oAnlX69srXrS2w
34,https://fastly.picsum.photos/id/238/400/400.jpg?hmac=EZ0gF5HUYfUrZCh1uVdIt0KZVfEf_oAnlX69srXrS2w
34,https://fastly.picsum.photos/id/409/400/400.jpg?hmac=wTpk94QN2lEwMS0IcP22wbN_24dSYIUJcCDUSpTpNzQ
34,https://fastly.picsum.photos/id/858/400/400.jpg?hmac=Nb5PcrwaPuqbi7vAXj1JYKqBAWpPbTwK_RxAWv6wTFo
35,https://fastly.picsum.photos/id/559/400/400.jpg?hmac=VtDOUMtOgu-SWe2JIejF4EjESOCTiOP2rr4omqf4GAo
35,https://fastly.picsum.photos/id/248/400/400.jpg?hmac=fe1xglCSblBCxLQdOdJnEPlFuTdLrdWkjUWqi9XQlWw
36,https://fastly.picsum.photos/id/73/400/400.jpg?hmac=zWpB1s_65SmeFv9qjEBkEIHyN0la8V7v6m_MalSPkAE
37,https://fastly.picsum.photos/id/881/400/400.jpg?hmac=o-Q84ddqszROQ4dQ_zdPkldmzFEN7D6faHSYpk1PoEA
37,https://fastly.picsum.photos/id/581/400/400.jpg?hmac=hwxtFszmLrsPiu7tNwSekrVbiD-QTBhbhFFo27A4H38
37,https://fastly.picsum.photos/id/613/400/400.jpg?hmac=T5VBlvR9xONOF3PKsf4fkYHovCjCMkzTn3X1nvMxZeg
38,https://fastly.picsum.photos/id/813/400/400.jpg?hmac=3eUkOPA1X4a9JB_fNq27cSoZ_ii17tUciJnLjDvW7lA
38,https://fastly.picsum.photos/id/881/400/400.jpg?hmac=o-Q84ddqszROQ4dQ_zdPkldmzFEN7D6faHSYpk1PoEA
38,https://fastly.picsum.photos/id/249/400/400.jpg?hmac=RCyCS2_EtnAxqr-hHJL8Pmamyy9sn7d9CxDtJVrbWAs
38,https://fastly.picsum.photos/id/248/400/400.jpg?hmac=fe1xglCSblBCxLQdOdJnEPlFuTdLrdWkjUWqi9XQlWw
39,https://fastly.picsum.photos/id/490/400/400.jpg?hmac=pxgQ0WptAycO-P3p53m8poeAXNJQ_3o5mqnhYy11l1w
39,https://fastly.picsum.photos/id/23/400/400.jpg?hmac=A1FSOaAQ7D4BQCzj_VS_C9HmqMkd616oBBE9ZbIl0zo
39,https://fastly.picsum.photos/id/453/400/400.jpg?hmac=ATZwYiGxnuGqFCNmS6rerxY2Y8vsPa4PFc2vQ1yYdxk
39,https://fastly.picsum.photos/id/272/400/400.jpg?hmac=pglkkvUXH16SLoeID18NGfxozpQ6lWKmFKPey73_fM4
39,https://fastly.picsum.photos/id/1054/400/400.jpg?hmac=tQB1YYxYgDdAseNnQ3Ewo_ZS1eVz2ONyLmZ_-2Uyy_E
40,https://fastly.picsum.photos/id/530/400/400.jpg?hmac=C2AFShgWdO2KaV4cnodrRp6NSKtJjPHhae_dC6oeLOg
40,https://fastly.picsum.photos/id/781/400/400.jpg?hmac=wgdJrpy_DW0E_-8AtJ04rn4b0gAomBY-WXLW_kbmv9c
40,https://fastly.picsum.photos/id/351/400/400.jpg?hmac=QemK0NgVfhKImDnnGFcVohDf53fHdXqHtB_DgXdFm_4
40,https://fastly.picsum.photos/id/1031/400/400.jpg?hmac=nFo3kiVlUQ7IpHXhEjeutx6xOyFp2DPFzo9eg2AtX0I
41,https://fastly.picsum.photos/id/924/400/400.jpg?hmac=tQftYvphtHBbujy0cbYoGqmMQV7TVpqA8endeZBgLhU
41,https://fastly.picsum.photos/id/642/400/400.jpg?hmac=sG4X2WYFYYL4pk1n8IfjEmiR5VoJtefJfzjhdTpaLeA
41,https://fastly.picsum.photos/id/244/400/400.jpg?hmac=SENBSZUq29a-626toD3aqbH1sjj1ildBvynyhgZRrkU
41,https://fastly.picsum.photos/id/562/400/400.jpg?hmac=lG-mAqOwH3UNyfJ2kBOUvagmSmYVnOTaE-34dAiSs2s
41,https://fastly.picsum.photos/id/375/400/400.jpg?hmac=Yf2SOXVFrZY3Cd77PTcJA5hllhpfYG48c39aiSaXVz0
41,https://fastly.picsum.photos/id/23/400/400.jpg?hmac=A1FSOaAQ7D4BQCzj_VS_C9HmqMkd616oBBE9ZbIl0zo
42,https://fastly.picsum.photos/id/700/400/400.jpg?hmac=LioHoTzbAdUMxyAIiUUQEmu80_1_SN0UPr8VpNgYxGs
42,https://fastly.picsum.photos/id/869/400/400.jpg?hmac=AoQVezsPrGgqOBq8D--yQtm_UThJYByISP4F8l-1kSU
42,https://fastly.picsum.photos/id/23/400/400.jpg?hmac=A1FSOaAQ7D4BQCzj_VS_C9HmqMkd616oBBE9ZbIl0zo
42,https://fastly.picsum.photos/id/538/400/400.jpg?hmac=NKzt_WI6At3WwIW0R1CLB5cIpN2yCtY9A5kbdXnIYOE
42,https://fastly.picsum.photos/id/851/400/400.jpg?hmac=-DNfE5buq2TMgdKnMQVrwFzaGrDUgNlkZYK4F2eCaBE
42,https://fastly.picsum.photos/id/700/400/400.jpg?hmac=LioHoTzbAdUMxyAIiUUQEmu80_1_SN0UPr8VpNgYxGs
42,https://fastly.picsum.photos/id/588/400/400.jpg?hmac=YNof9QFmDmhg-cRnnDfLppdK6DTeHjr1FeP7jZ5ytk8
43,https://fastly.picsum.photos/id/613/400/400.jpg?hmac=T5VBlvR9xONOF3PKsf4fkYHovCjCMkzTn3X1nvMxZeg
43,https://fastly.picsum.photos/id/490/400/400.jpg?hmac=pxgQ0WptAycO-P3p53m8poeAXNJQ_3o5mqnhYy11l1w
43,https://fastly.picsum.photos/id/781/400/400.jpg?hmac=wgdJrpy_DW0E_-8AtJ04rn4b0gAomBY-WXLW_kbmv9c
43,https://fastly.picsum.photos/id/700/400/400.jpg?hmac=LioHoTzbAdUMxyAIiUUQEmu80_1_SN0UPr8VpNgYxGs
43,https://fastly.picsum.photos/id/361/400/400.jpg?hmac=dGvCGtZrqkJNZ3d8N8OY3f5QWY8JfLQMzx7rivEhFHA
44,https://fastly.picsum.photos/id/352/400/400.jpg?hmac=lX7DQ0605V4LJ0K2XnQprEp5-0NWxrjbvlGAzNIeI2A
44,https://fastly.picsum.photos/id/990/400/400.jpg?hmac=AQWrekLSql_UwSlfZAV_whKt7lqIAv4LoL_6PLqkAO0
44,https://fastly.picsum.photos/id/559/400/400.jpg?hmac=VtDOUMtOgu-SWe2JIejF4EjESOCTiOP2rr4omqf4GAo
44,https://fastly.picsum.photos/id/153/400/400.jpg?hmac=3TSGL4jmzwMcBMdDUOqw_vj6eOcUBeBHFeadjnyFpWQ
44,https://fastly.picsum.photos/id/312/400/400.jpg?hmac=8hI9poYLrBZpqYL1JPzcaKroAgaXj4mcFjlj7wS2IAs
44,https://fastly.picsum.photos/id/695/400/400.jpg?hmac=EhewcZbcbrAyVi3eDFv6PbITIaYEXC7GII6LdJ9znbY
45,https://fastly.picsum.photos/id/702/400/400.jpg?hmac=Ni6iVGeZM9aTOYnUaLmRwGdPi25Gh9v_RXKomm9CCpY
45,https://fastly.picsum.photos/id/237/400/400.jpg?hmac=xOOBt-lNJA0YjxEj0QoS_0PZV5iI3oxZA_weJ4E1xEw
45,https://fastly.picsum.photos/id/139/400/400.jpg?hmac=Uo3ylOVkqbiLwCvoUlxv2l6PoudDGzYYV92C-Q5AVwM
45,https://fastly.picsum.photos/id/940/400/400.jpg?hmac=-2sTA1minw9QpqhwlBkLG_EBiADfH09BPU_VwY2fwVk
46,https://fastly.picsum.photos/id/781/400/400.jpg?hmac=wgdJrpy_DW0E_-8AtJ04rn4b0gAomBY-WXLW_kbmv9c
47,https://fastly.picsum.photos/id/588/400/400.jpg?hmac=YNof9QFmDmhg-cRnnDfLppdK6DTeHjr1FeP7jZ5ytk8
47,https://fastly.picsum.photos/id/553/400/400.jpg?hmac=4x03cgGGX1_AI8JbEmmtOashqfDEAMgcPqb6mw09-eo
47,https://fastly.picsum.photos/id/191/400/400.jpg?hmac=YCCDFslYbRCTsYI0sqyLDlrA6WkswfZSs2ha8RQiNmU
47,https://fastly.picsum.photos/id/153/400/400.jpg?hmac=3TSGL4jmzwMcBMdDUOqw_vj6eOcUBeBHFeadjnyFpWQ
47,https://fastly.picsum.photos/id/813/400/400.jpg?hmac=3eUkOPA1X4a9JB_fNq27cSoZ_ii17tUciJnLjDvW7lA
47,https://fastly.picsum.photos/id/139/400/400.jpg?hmac=Uo3ylOVkqbiLwCvoUlxv2l6PoudDGzYYV92C-Q5AVwM
47,https://fastly.picsum.photos/id/851/400/400.jpg?hmac=-DNfE5buq2TMgdKnMQVrwFzaGrDUgNlkZYK4F2eCaBE
48,https://fastly.picsum.photos/id/156/400/400.jpg?hmac=GZdjhSIry7tkylV4574jxDkSdzOMWDTqVPnopFKGaoo
48,https://fastly.picsum.photos/id/559/400/400.jpg?hmac=VtDOUMtOgu-SWe2JIejF4EjESOCTiOP2rr4omqf4GAo
49,https://fastly.picsum.photos/id/139/400/400.jpg?hmac=Uo3ylOVkqbiLwCvoUlxv2l6PoudDGzYYV92C-Q5AVwM
49,https://fastly.picsum.photos/id/1055/400/400.jpg?hmac=XZnhdDWaMh2oV0HWmRlUfWN5saiBDECcwLwsJtqvUgE
50,https://fastly.picsum.photos/id/249/400/400.jpg?hmac=RCyCS2_EtnAxqr-hHJL8Pmamyy9sn7d9CxDtJVrbWAs
50,https://fastly.picsum.photos/id/153/400/400.jpg?hmac=3TSGL4jmzwMcBMdDUOqw_vj6eOcUBeBHFeadjnyFpWQ
50,https://fastly.picsum.photos/id/553/400/400.jpg?hmac=4x03cgGGX1_AI8JbEmmtOashqfDEAMgcPqb6mw09-eo
50,https://fastly.picsum.photos/id/447/400/400.jpg?hmac=cswK59OlU2m8NHWEeb0mNA-4MlZVrLf9-9lMn0eOAfE
50,https://fastly.picsum.photos/id/447/400/400.jpg?hmac=cswK59OlU2m8NHWEeb0mNA-4MlZVrLf9-9lMn0eOAfE
51,https://fastly.picsum.photos/id/642/400/400.jpg?hmac=sG4X2WYFYYL4pk1n8IfjEmiR5VoJtefJfzjhdTpaLeA
51,https://fastly.picsum.photos/id/312/400/400.jpg?hmac=8hI9poYLrBZpqYL1JPzcaKroAgaXj4mcFjlj7wS2IAs
51,https://fastly.picsum.photos/id/513/400/400.jpg?hmac=vPJppb7oLv9sl661tuTQeGBtE1q-ChHgc3eZ-8NXXzA
51,https://fastly.picsum.photos/id/613/400/400.jpg?hmac=T5VBlvR9xONOF3PKsf4fkYHovCjCMkzTn3X1nvMxZeg
51,https://fastly.picsum.photos/id/530/400/400.jpg?hmac=C2AFShgWdO2KaV4cnodrRp6NSKtJjPHhae_dC6oeLOg
52,https://fastly.picsum.photos/id/423/400/400.jpg?hmac=0Y_2e7lsenUvr1NfNU0qypVFPkACWzUNDqq-KE_aqic
53,https://fastly.picsum.photos/id/1055/400/400.jpg?hmac=XZnhdDWaMh2oV0HWmRlUfWN5saiBDECcwLwsJtqvUgE
53,https://fastly.picsum.photos/id/613/400/400.jpg?hmac=T5VBlvR9xONOF3PKsf4fkYHovCjCMkzTn3X1nvMxZeg
54,https://fastly.picsum.photos/id/1055/400/400.jpg?hmac=XZnhdDWaMh2oV0HWmRlUfWN5saiBDECcwLwsJtqvUgE
54,https://fastly.picsum.photos/id/447/400/400.jpg?hmac=cswK59OlU2m8NHWEeb0mNA-4MlZVrLf9-9lMn0eOAfE
54,https://fastly.picsum.photos/id/990/400/400.jpg?hmac=AQWrekLSql_UwSlfZAV_whKt7lqIAv4LoL_6PLqkAO0
54,https://fastly.picsum.photos/id/358/400/400.jpg?hmac=ws6ColdsxC23yxENxHqQAteSM4QnRH-X4vKygHx_B0g
55,https://fastly.picsum.photos/id/57/400/400.jpg?hmac=f7TTv7JWj2qSu78t0A6gbhwMWG8WXXLe7qsrDZKC3d4
55,https://fastly.picsum.photos/id/700/400/400.jpg?hmac=LioHoTzbAdUMxyAIiUUQEmu80_1_SN0UPr8VpNgYxGs
55,https://fastly.picsum.photos/id/687/400/400.jpg?hmac=yfYthJVRc22f65NQ29m7kH6RXqHPC3Ms6gm7k42-Rfc
55,https://fastly.picsum.photos/id/312/400/400.jpg?hmac=8hI9poYLrBZpqYL1JPzcaKroAgaXj4mcFjlj7wS2IAs
56,https://fastly.picsum.photos/id/945/400/400.jpg?hmac=5H_NzDUaLUNFNPg-Zvty16_Ua5GyAnCj3ifjf2evjaQ
56,https://fastly.picsum.photos/id/1018/400/400.jpg?hmac=MwHJoMaVXsBbqg-LFoDVL6P8TCDkSEikExptCkkHESQ
56,https://fastly.picsum.photos/id/700/400/400.jpg?hmac=LioHoTzbAdUMxyAIiUUQEmu80_1_SN0UPr8VpNgYxGs
56,https://fastly.picsum.photos/id/6/400/400.jpg?hmac=n8qkuXeCCuicHIj6bS1b5F1nR6RlOkW62N7Y8DWD80o
56,https://fastly.picsum.photos/id/305/400/400.jpg?hmac=SoMCZhTXX6izu9lebOx4ZpM61Wk9REorgeeZft6f6kg
57,https://fastly.picsum.photos/id/559/400/400.jpg?hmac=VtDOUMtOgu-SWe2JIejF4EjESOCTiOP2rr4omqf4GAo
57,https://fastly.picsum.photos/id/692/400/400.jpg?hmac=x6r3o24uJxAeQqdc-5ehUNgqoT2ttTrlXwGTR8ziO4I
57,https://fastly.picsum.photos/id/1031/400/400.jpg?hmac=nFo3kiVlUQ7IpHXhEjeutx6xOyFp2DPFzo9eg2AtX0I
57,https://fastly.picsum.photos/id/272/400/400.jpg?hmac=pglkkvUXH16SLoeID18NGfxozpQ6lWKmFKPey73_fM4
57,https://fastly.picsum.photos/id/124/400/400.jpg?hmac=XRS4zzjM57I0M8_t1fmpTLHR8bQhJcHy2rJZ78j6ftU
58,https://fastly.picsum.photos/id/678/400/400.jpg?hmac=_UyWsGoQX8ADlybW4nUY_kpn3xgCkfgEPZs688S5XJ4
58,https://fastly.picsum.photos/id/1018/400/400.jpg?hmac=MwHJoMaVXsBbqg-LFoDVL6P8TCDkSEikExptCkkHESQ
58,https://fastly.picsum.photos/id/702/400/400.jpg?hmac=Ni6iVGeZM9aTOYnUaLmRwGdPi25Gh9v_RXKomm9CCpY
58,https://fastly.picsum.photos/id/490/400/400.jpg?hmac=pxgQ0WptAycO-P3p53m8poeAXNJQ_3o5mqnhYy11l1w
58,https://fastly.picsum.photos/id/23/400/400.jpg?hmac=A1FSOaAQ7D4BQCzj_VS_C9HmqMkd616oBBE9ZbIl0zo
59,https://fastly.picsum.photos/id/156/400/400.jpg?hmac=GZdjhSIry7tkylV4574jxDkSdzOMWDTqVPnopFKGaoo
59,https://fastly.picsum.photos/id/702/400/400.jpg?hmac=Ni6iVGeZM9aTOYnUaLmRwGdPi25Gh9v_RXKomm9CCpY
59,https://fastly.picsum.photos/id/559/400/400.jpg?hmac=VtDOUMtOgu-SWe2JIejF4EjESOCTiOP2rr4omqf4GAo
60,https://fastly.picsum.photos/id/409/400/400.jpg?hmac=wTpk94QN2lEwMS0IcP22wbN_24dSYIUJcCDUSpTpNzQ
60,https://fastly.picsum.photos/id/813/400/400.jpg?hmac=3eUkOPA1X4a9JB_fNq27cSoZ_ii17tUciJnLjDvW7lA
60,https://fastly.picsum.photos/id/447/400/400.jpg?hmac=cswK59OlU2m8NHWEeb0mNA-4MlZVrLf9-9lMn0eOAfE
60,https://fastly.picsum.photos/id/774/400/400.jpg?hmac=uDnhKbsrYwWj0eulWZhNCEMd-q7cM2a416N05g9Xhhg
61,https://fastly.picsum.photos/id/613/400/400.jpg?hmac=T5VBlvR9xONOF3PKsf4fkYHovCjCMkzTn3X1nvMxZeg
62,https://fastly.picsum.photos/id/490/400/400.jpg?hmac=pxgQ0WptAycO-P3p53m8poeAXNJQ_3o5mqnhYy11l1w
62,https://fastly.picsum.photos/id/581/400/400.jpg?hmac=hwxtFszmLrsPiu7tNwSekrVbiD-QTBhbhFFo27A4H38
62,https://fastly.picsum.photos/id/966/400/400.jpg?hmac=vTfdl7XUAXbnfiOQraT_4rOs-cUPhso7ZM6TihvkFhk
62,https://fastly.picsum.photos/id/248/400/400.jpg?hmac=fe1xglCSblBCxLQdOdJnEPlFuTdLrdWkjUWqi9XQlWw
62,https://fastly.picsum.photos/id/1013/400/400.jpg?hmac=IPshdF4clrkLnbBc-G7DvuGrce6xlqEYnVizCwqrB3A
62,https://fastly.picsum.photos/id/334/400/400.jpg?hmac=UpHNsYIHrauzlcGPuvPr_NnVeOBwx-6ivqTCh1_IaYE
63,https://fastly.picsum.photos/id/447/400/400.jpg?hmac=cswK59OlU2m8NHWEeb0mNA-4MlZVrLf9-9lMn0eOAfE
63,https://fastly.picsum.photos/id/823/400/400.jpg?hmac=zD2JOVcnyEQitZ9ParFl0vy8ZJ4K28XAh4RzDRg0K_E
63,https://fastly.picsum.photos/id/392/400/400.jpg?hmac=vq1NAIQydGrW55AqpEh144ZyAOB55t9uPCzOPFJXJV0
63,https://fastly.picsum.photos/id/156/400/400.jpg?hmac=GZdjhSIry7tkylV4574jxDkSdzOMWDTqVPnopFKGaoo
63,https://fastly.picsum.photos/id/1028/400/400.jpg?hmac=vaxj4AJg8MJfcfV2XvAUavK82kfEFIPV1LDm4XYVqyk
64,https://fastly.picsum.photos/id/774/400/400.jpg?hmac=uDnhKbsrYwWj0eulWZhNCEMd-q7cM2a416N05g9Xhhg
64,https://fastly.picsum.photos/id/823/400/400.jpg?hmac=zD2JOVcnyEQitZ9ParFl0vy8ZJ4K28XAh4RzDRg0K_E
64,https://fastly.picsum.photos/id/96/400/400.jpg?hmac=Dk827JJjclA8rM8TKwQT8Udpb36cDGAIOVR0eZZRRbc
64,https://fastly.picsum.photos/id/948/400/400.jpg?hmac=2G8l9byDJFjAzC12XS85zCdWhtFqYNHCVk1MdMfky90
64,https://fastly.picsum.photos/id/375/400/400.jpg?hmac=Yf2SOXVFrZY3Cd77PTcJA5hllhpfYG48c39aiSaXVz0
64,https://fastly.picsum.photos/id/111/400/400.jpg?hmac=1dh4-ydpDy-Jer6EXsXl6O0_k9gHr2R03bJk9SJFohU
64,https://fastly.picsum.photos/id/23/400/400.jpg?hmac=A1FSOaAQ7D4BQCzj_VS_C9HmqMkd616oBBE9ZbIl0zo
65,https://fastly.picsum.photos/id/272/400/400.jpg?hmac=pglkkvUXH16SLoeID18NGfxozpQ6lWKmFKPey73_fM4
66,https://fastly.picsum.photos/id/162/400/400.jpg?hmac=K4cAzDwKlnW224C4pzJzqoDBYnyFx_r_wycolqysXIQ
66,https://fastly.picsum.photos/id/518/400/400.jpg?hmac=o9Hg_VvgGq4EfyIfNLeT5R4ERz4H7ZwnJy78WBw6Ybs
66,https://fastly.picsum.photos/id/530/400/400.jpg?hmac=C2AFShgWdO2KaV4cnodrRp6NSKtJjPHhae_dC6oeLOg
66,https://fastly.picsum.photos/id/305/400/400.jpg?hmac=SoMCZhTXX6izu9lebOx4ZpM61Wk9REorgeeZft6f6kg
66,https://fastly.picsum.photos/id/375/400/400.jpg?hmac=Yf2SOXVFrZY3Cd77PTcJA5hllhpfYG48c39aiSaXVz0
67,https://fastly.picsum.photos/id/73/400/400.jpg?hmac=zWpB1s_65SmeFv9qjEBkEIHyN0la8V7v6m_MalSPkAE
67,https://fastly.picsum.photos/id/503/400/400.jpg?hmac=CSsJdCrx_m46C029sVAtMy5oL4KwaM2zZ_P9WhUBT98
68,https://fastly.picsum.photos/id/613/400/400.jpg?hmac=T5VBlvR9xONOF3PKsf4fkYHovCjCMkzTn3X1nvMxZeg
68,https://fastly.picsum.photos/id/373/400/400.jpg?hmac=dQpi3Dff0CF_exwrLszppfR4rLyf6WD-C6ShL7mHILk
68,https://fastly.picsum.photos/id/538/400/400.jpg?hmac=NKzt_WI6At3WwIW0R1CLB5cIpN2yCtY9A5kbdXnIYOE
68,https://fastly.picsum.photos/id/613/400/400.jpg?hmac=T5VBlvR9xONOF3PKsf4fkYHovCjCMkzTn3X1nvMxZeg
68,https://fastly.picsum.photos/id/655/400/400.jpg?hmac=M3L8FzZNxlC4tX2iPk4hmjmxf6OZNPaxHApWCrn2CEU
69,https://fastly.picsum.photos/id/826/400/400.jpg?hmac=nIp6K5g0Qmx36DCDTSbjRkH2Y4GyEABUxGWAtoT0IZg
69,https://fastly.picsum.photos/id/307/400/400.jpg?hmac=33QtVjjsh6K3RV2eKw9Uc8XSvAa87-TzC5KIRbf-dQY
69,https://fastly.picsum.photos/id/1018/400/400.jpg?hmac=MwHJoMaVXsBbqg-LFoDVL6P8TCDkSEikExptCkkHESQ
70,https://fastly.picsum.photos/id/248/400/400.jpg?hmac=fe1xglCSblBCxLQdOdJnEPlFuTdLrdWkjUWqi9XQlWw
71,https://fastly.picsum.photos/id/859/400/400.jpg?hmac=xXqZLY1pLY8bgeNWixWyG36s5QGtNA2G5IdNedqbxaM
72,https://fastly.picsum.photos/id/208/400/400.jpg?hmac=eOOtyBfg7zHtzfGXTmu3JrYyihOVX2sU_a9OjXQaa50
72,https://fastly.picsum.photos/id/1018/400/400.jpg?hmac=MwHJoMaVXsBbqg-LFoDVL6P8TCDkSEikExptCkkHESQ
73,https://fastly.picsum.photos/id/1055/400/400.jpg?hmac=XZnhdDWaMh2oV0HWmRlUfWN5saiBDECcwLwsJtqvUgE
73,https://fastly.picsum.photos/id/687/400/400.jpg?hmac=yfYthJVRc22f65NQ29m7kH6RXqHPC3Ms6gm7k42-Rfc
73,https://fastly.picsum.photos/id/153/400/400.jpg?hmac=3TSGL4jmzwMcBMdDUOqw_vj6eOcUBeBHFeadjnyFpWQ
73,https://fastly.picsum.photos/id/238/400/400.jpg?hmac=EZ0gF5HUYfUrZCh1uVdIt0KZVfEf_oAnlX69srXrS2w
74,https://fastly.picsum.photos/id/781/400/400.jpg?hmac=wgdJrpy_DW0E_-8AtJ04rn4b0gAomBY-WXLW_kbmv9c
74,https://fastly.picsum.photos/id/111/400/400.jpg?hmac=1dh4-ydpDy-Jer6EXsXl6O0_k9gHr2R03bJk9SJFohU
74,https://fastly.picsum.photos/id/637/400/400.jpg?hmac=dRLhjpCMyK-rvq6Mh_q-UlRR_N6hTheaWMnaZeEnz_Y
74,https://fastly.picsum.photos/id/392/400/400.jpg?hmac=vq1NAIQydGrW55AqpEh144ZyAOB55t9uPCzOPFJXJV0
74,https://fastly.picsum.photos/id/373/400/400.jpg?hmac=dQpi3Dff0CF_exwrLszppfR4rLyf6WD-C6ShL7mHILk
75,https://fastly.picsum.photos/id/774/400/400.jpg?hmac=uDnhKbsrYwWj0eulWZhNCEMd-q7cM2a416N05g9Xhhg
76,https://fastly.picsum.photos/id/139/400/400.jpg?hmac=Uo3ylOVkqbiLwCvoUlxv2l6PoudDGzYYV92C-Q5AVwM
76,https://fastly.picsum.photos/id/538/400/400.jpg?hmac=NKzt_WI6At3WwIW0R1CLB5cIpN2yCtY9A5kbdXnIYOE
76,https://fastly.picsum.photos/id/237/400/400.jpg?hmac=xOOBt-lNJA0YjxEj0QoS_0PZV5iI3oxZA_weJ4E1xEw
76,https://fastly.picsum.photos/id/272/400/400.jpg?hmac=pglkkvUXH16SLoeID18NGfxozpQ6lWKmFKPey73_fM4
76,https://fastly.picsum.photos/id/613/400/400.jpg?hmac=T5VBlvR9xONOF3PKsf4fkYHovCjCMkzTn3X1nvMxZeg
76,https://fastly.picsum.photos/id/881/400/400.jpg?hmac=o-Q84ddqszROQ4dQ_zdPkldmzFEN7D6faHSYpk1PoEA
76,https://fastly.picsum.photos/id/6/400/400.jpg?hmac=n8qkuXeCCuicHIj6bS1b5F1nR6RlOkW62N7Y8DWD80o
77,https://fastly.picsum.photos/id/237/400/400.jpg?hmac=xOOBt-lNJA0YjxEj0QoS_0PZV5iI3oxZA_weJ4E1xEw
77,https://fastly.picsum.photos/id/948/400/400.jpg?hmac=2G8l9byDJFjAzC12XS85zCdWhtFqYNHCVk1MdMfky90
78,https://fastly.picsum.photos/id/57/400/400.jpg?hmac=f7TTv7JWj2qSu78t0A6gbhwMWG8WXXLe7qsrDZKC3d4
78,https://fastly.picsum.photos/id/700/400/400.jpg?hmac=LioHoTzbAdUMxyAIiUUQEmu80_1_SN0UPr8VpNgYxGs
78,https://fastly.picsum.photos/id/6/400/400.jpg?hmac=n8qkuXeCCuicHIj6bS1b5F1nR6RlOkW62N7Y8DWD80o
78,https://fastly.picsum.photos/id/112/400/400.jpg?hmac=60KWAFCy-kqydDF41A6hT-Hc1_mOVJJFejEqh3a-8fc
78,https://fastly.picsum.photos/id/191/400/400.jpg?hmac=YCCDFslYbRCTsYI0sqyLDlrA6WkswfZSs2ha8RQiNmU
78,https://fastly.picsum.photos/id/678/400/400.jpg?hmac=_UyWsGoQX8ADlybW4nUY_kpn3xgCkfgEPZs688S5XJ4
78,https://fastly.picsum.photos/id/112/400/400.jpg?hmac=60KWAFCy-kqydDF41A6hT-Hc1_mOVJJFejEqh3a-8fc
79,https://fastly.picsum.photos/id/823/400/400.jpg?hmac=zD2JOVcnyEQitZ9ParFl0vy8ZJ4K28XAh4RzDRg0K_E
79,https://fastly.picsum.photos/id/58/400/400.jpg?hmac=jQuDflPK74dBfpUd6reGbY3hi6IREJC9HsQe-_Lr9rM
79,https://fastly.picsum.photos/id/799/400/400.jpg?hmac=SQrQAgiQnC2qPi-aHGyMKBSGPXu7N1n_J5sphuPDUes
79,https://fastly.picsum.photos/id/637/400/400.jpg?hmac=dRLhjpCMyK-rvq6Mh_q-UlRR_N6hTheaWMnaZeEnz_Y
79,https://fastly.picsum.photos/id/826/400/400.jpg?hmac=nIp6K5g0Qmx36DCDTSbjRkH2Y4GyEABUxGWAtoT0IZg
80,https://fastly.picsum.photos/id/447/400/400.jpg?hmac=cswK59OlU2m8NHWEeb0mNA-4MlZVrLf9-9lMn0eOAfE
81,https://fastly.picsum.photos/id/6/400/400.jpg?hmac=n8qkuXeCCuicHIj6bS1b5F1nR6RlOkW62N7Y8DWD80o
81,https://fastly.picsum.photos/id/447/400/400.jpg?hmac=cswK59OlU2m8NHWEeb0mNA-4MlZVrLf9-9lMn0eOAfE
81,https://fastly.picsum.photos/id/57/400/400.jpg?hmac=f7TTv7JWj2qSu78t0A6gbhwMWG8WXXLe7qsrDZKC3d4
81,https://fastly.picsum.photos/id/700/400/400.jpg?hmac=LioHoTzbAdUMxyAIiUUQEmu80_1_SN0UPr8VpNgYxGs
82,https://fastly.picsum.photos/id/813/400/400.jpg?hmac=3eUkOPA1X4a9JB_fNq27cSoZ_ii17tUciJnLjDvW7lA
83,https://fastly.picsum.photos/id/1071/400/400.jpg?hmac=4Yn3n8EM483VK-ho9zFRF8sS92CzZ_Q_P7ybhgdKZas
83,https://fastly.picsum.photos/id/813/400/400.jpg?hmac=3eUkOPA1X4a9JB_fNq27cSoZ_ii17tUciJnLjDvW7lA
83,https://fastly.picsum.photos/id/1055/400/400.jpg?hmac=XZnhdDWaMh2oV0HWmRlUfWN5saiBDECcwLwsJtqvUgE
83,https://fastly.picsum.photos/id/881/400/400.jpg?hmac=o-Q84ddqszROQ4dQ_zdPkldmzFEN7D6faHSYpk1PoEA
84,https://fastly.picsum.photos/id/375/400/400.jpg?hmac=Yf2SOXVFrZY3Cd77PTcJA5hllhpfYG48c39aiSaXVz0
84,https://fastly.picsum.photos/id/503/400/400.jpg?hmac=CSsJdCrx_m46C029sVAtMy5oL4KwaM2zZ_P9WhUBT98
84,https://fastly.picsum.photos/id/823/400/400.jpg?hmac=zD2JOVcnyEQitZ9ParFl0vy8ZJ4K28XAh4RzDRg0K_E
84,https://fastly.picsum.photos/id/583/400/400.jpg?hmac=w4TG6bKp3S8mgkq3XjK2nnc71AIAzWhtl8jj-NGqzbI
84,https://fastly.picsum.photos/id/1013/400/400.jpg?hmac=IPshdF4clrkLnbBc-G7DvuGrce6xlqEYnVizCwqrB3A
85,https://fastly.picsum.photos/id/248/400/400.jpg?hmac=fe1xglCSblBCxLQdOdJnEPlFuTdLrdWkjUWqi9XQlWw
85,https://fastly.picsum.photos/id/1054/400/400.jpg?hmac=tQB1YYxYgDdAseNnQ3Ewo_ZS1eVz2ONyLmZ_-2Uyy_E
85,https://fastly.picsum.photos/id/305/400/400.jpg?hmac=SoMCZhTXX6izu9lebOx4ZpM61Wk9REorgeeZft6f6kg
85,https://fastly.picsum.photos/id/945/400/400.jpg?hmac=5H_NzDUaLUNFNPg-Zvty16_Ua5GyAnCj3ifjf2evjaQ
86,https://fastly.picsum.photos/id/974/400/400.jpg?hmac=5PplVn4aWTciYtF9wboItgocuhWZPePqfKh4AjjE2Wc
87,https://fastly.picsum.photos/id/1035/400/400.jpg?hmac=ZE2bbZVX_OkxO97KzusXQSCcENFBG2zyZMseYN2CwrM
88,https://fastly.picsum.photos/id/1054/400/400.jpg?hmac=tQB1YYxYgDdAseNnQ3Ewo_ZS1eVz2ONyLmZ_-2Uyy_E
88,https://fastly.picsum.photos/id/799/400/400.jpg?hmac=SQrQAgiQnC2qPi-aHGyMKBSGPXu7N1n_J5sphuPDUes
89,https://fastly.picsum.photos/id/1060/400/400.jpg?hmac=Mvw4im9ySG614CLfx26NceXQoJarqZK6IZ-DB5tXs4Y
89,https://fastly.picsum.photos/id/312/400/400.jpg?hmac=8hI9poYLrBZpqYL1JPzcaKroAgaXj4mcFjlj7wS2IAs
89,https://fastly.picsum.photos/id/813/400/400.jpg?hmac=3eUkOPA1X4a9JB_fNq27cSoZ_ii17tUciJnLjDvW7lA
89,https://fastly.picsum.photos/id/6/400/400.jpg?hmac=n8qkuXeCCuicHIj6bS1b5F1nR6RlOkW62N7Y8DWD80o
90,https://fastly.picsum.photos/id/851/400/400.jpg?hmac=-DNfE5buq2TMgdKnMQVrwFzaGrDUgNlkZYK4F2eCaBE
90,https://fastly.picsum.photos/id/700/400/400.jpg?hmac=LioHoTzbAdUMxyAIiUUQEmu80_1_SN0UPr8VpNgYxGs
90,https://fastly.picsum.photos/id/208/400/400.jpg?hmac=eOOtyBfg7zHtzfGXTmu3JrYyihOVX2sU_a9OjXQaa50
90,https://fastly.picsum.photos/id/530/400/400.jpg?hmac=C2AFShgWdO2KaV4cnodrRp6NSKtJjPHhae_dC6oeLOg
90,https://fastly.picsum.photos/id/1071/400/400.jpg?hmac=4Yn3n8EM483VK-ho9zFRF8sS92CzZ_Q_P7ybhgdKZas
91,https://fastly.picsum.photos/id/938/400/400.jpg?hmac=-pnp2hhj-gepkOl4YXT1L-eZMs0p_lQxOKUq--6zUF4
91,https://fastly.picsum.photos/id/881/400/400.jpg?hmac=o-Q84ddqszROQ4dQ_zdPkldmzFEN7D6faHSYpk1PoEA
91,https://fastly.picsum.photos/id/732/400/400.jpg?hmac=dVeyGbhn4nFNQja8XaWyIvXeBv6b6ypODww7og0-U5s
92,https://fastly.picsum.photos/id/538/400/400.jpg?hmac=NKzt_WI6At3WwIW0R1CLB5cIpN2yCtY9A5kbdXnIYOE
92,https://fastly.picsum.photos/id/23/400/400.jpg?hmac=A1FSOaAQ7D4BQCzj_VS_C9HmqMkd616oBBE9ZbIl0zo
92,https://fastly.picsum.photos/id/881/400/400.jpg?hmac=o-Q84ddqszROQ4dQ_zdPkldmzFEN7D6faHSYpk1PoEA
92,https://fastly.picsum.photos/id/702/400/400.jpg?hmac=Ni6iVGeZM9aTOYnUaLmRwGdPi25Gh9v_RXKomm9CCpY
92,https://fastly.picsum.photos/id/954/400/400.jpg?hmac=Ov_K_SaxkGtW_fJhn1L60ygBTPQOU5xBdCu8FsTX8lk
92,https://fastly.picsum.photos/id/869/400/400.jpg?hmac=AoQVezsPrGgqOBq8D--yQtm_UThJYByISP4F8l-1kSU
92,https://fastly.picsum.photos/id/490/400/400.jpg?hmac=pxgQ0WptAycO-P3p53m8poeAXNJQ_3o5mqnhYy11l1w
93,https://fastly.picsum.photos/id/111/400/400.jpg?hmac=1dh4-ydpDy-Jer6EXsXl6O0_k9gHr2R03bJk9SJFohU
93,https://fastly.picsum.photos/id/153/400/400.jpg?hmac=3TSGL4jmzwMcBMdDUOqw_vj6eOcUBeBHFeadjnyFpWQ
93,https://fastly.picsum.photos/id/305/400/400.jpg?hmac=SoMCZhTXX6izu9lebOx4ZpM61Wk9REorgeeZft6f6kg
93,https://fastly.picsum.photos/id/208/400/400.jpg?hmac=eOOtyBfg7zHtzfGXTmu3JrYyihOVX2sU_a9OjXQaa50
93,https://fastly.picsum.photos/id/111/400/400.jpg?hmac=1dh4-ydpDy-Jer6EXsXl6O0_k9gHr2R03bJk9SJFohU
93,https://fastly.picsum.photos/id/490/400/400.jpg?hmac=pxgQ0WptAycO-P3p53m8poeAXNJQ_3o5mqnhYy11l1w
93,https://fastly.picsum.photos/id/642/400/400.jpg?hmac=sG4X2WYFYYL4pk1n8IfjEmiR5VoJtefJfzjhdTpaLeA
94,https://fastly.picsum.photos/id/312/400/400.jpg?hmac=8hI9poYLrBZpqYL1JPzcaKroAgaXj4mcFjlj7wS2IAs
94,https://fastly.picsum.photos/id/73/400/400.jpg?hmac=zWpB1s_65SmeFv9qjEBkEIHyN0la8V7v6m_MalSPkAE
94,https://fastly.picsum.photos/id/490/400/400.jpg?hmac=pxgQ0WptAycO-P3p53m8poeAXNJQ_3o5mqnhYy11l1w
94,https://fastly.picsum.photos/id/642/400/400.jpg?hmac=sG4X2WYFYYL4pk1n8IfjEmiR5VoJtefJfzjhdTpaLeA
95,https://fastly.picsum.photos/id/123/400/400.jpg?hmac=QD7b6QzGyY7XjjhJTop0Jzk99lFU5RqAS89LBUl14pY
95,https://fastly.picsum.photos/id/522/400/400.jpg?hmac=1t1KtQINbgAMO6-r99mb0RXau9NzQuK5SltVtqh5rec
95,https://fastly.picsum.photos/id/392/400/400.jpg?hmac=vq1NAIQydGrW55AqpEh144ZyAOB55t9uPCzOPFJXJV0
95,https://fastly.picsum.photos/id/678/400/400.jpg?hmac=_UyWsGoQX8ADlybW4nUY_kpn3xgCkfgEPZs688S5XJ4
96,https://fastly.picsum.photos/id/911/400/400.jpg?hmac=co2_G5ovTdaAFQPZa2Qk2Iu9yI6DF5tX6-ix9CModKc
96,https://fastly.picsum.photos/id/249/400/400.jpg?hmac=RCyCS2_EtnAxqr-hHJL8Pmamyy9sn7d9CxDtJVrbWAs
96,https://fastly.picsum.photos/id/954/400/400.jpg?hmac=Ov_K_SaxkGtW_fJhn1L60ygBTPQOU5xBdCu8FsTX8lk
96,https://fastly.picsum.photos/id/588/400/400.jpg?hmac=YNof9QFmDmhg-cRnnDfLppdK6DTeHjr1FeP7jZ5ytk8
96,https://fastly.picsum.photos/id/562/400/400.jpg?hmac=lG-mAqOwH3UNyfJ2kBOUvagmSmYVnOTaE-34dAiSs2s
96,https://fastly.picsum.photos/id/700/400/400.jpg?hmac=LioHoTzbAdUMxyAIiUUQEmu80_1_SN0UPr8VpNgYxGs
97,https://fastly.picsum.photos/id/153/400/400.jpg?hmac=3TSGL4jmzwMcBMdDUOqw_vj6eOcUBeBHFeadjnyFpWQ
97,https://fastly.picsum.photos/id/447/400/400.jpg?hmac=cswK59OlU2m8NHWEeb0mNA-4MlZVrLf9-9lMn0eOAfE
97,https://fastly.picsum.photos/id/409/400/400.jpg?hmac=wTpk94QN2lEwMS0IcP22wbN_24dSYIUJcCDUSpTpNzQ
97,https://fastly.picsum.photos/id/139/400/400.jpg?hmac=Uo3ylOVkqbiLwCvoUlxv2l6PoudDGzYYV92C-Q5AVwM
97,https://fastly.picsum.photos/id/613/400/400.jpg?hmac=T5VBlvR9xONOF3PKsf4fkYHovCjCMkzTn3X1nvMxZeg
98,https://fastly.picsum.photos/id/238/400/400.jpg?hmac=EZ0gF5HUYfUrZCh1uVdIt0KZVfEf_oAnlX69srXrS2w
98,https://fastly.picsum.photos/id/538/400/400.jpg?hmac=NKzt_WI6At3WwIW0R1CLB5cIpN2yCtY9A5kbdXnIYOE
98,https://fastly.picsum.photos/id/642/400/400.jpg?hmac=sG4X2WYFYYL4pk1n8IfjEmiR5VoJtefJfzjhdTpaLeA
98,https://fastly.picsum.photos/id/191/400/400.jpg?hmac=YCCDFslYbRCTsYI0sqyLDlrA6WkswfZSs2ha8RQiNmU
98,https://fastly.picsum.photos/id/238/400/400.jpg?hmac=EZ0gF5HUYfUrZCh1uVdIt0KZVfEf_oAnlX69srXrS2w
98,https://fastly.picsum.photos/id/165/400/400.jpg?hmac=2pNjhj20nxxGLi_7LTBU5NgrX60JSaoI4Nsq15NZDRQ
98,https://fastly.picsum.photos/id/156/400/400.jpg?hmac=GZdjhSIry7tkylV4574jxDkSdzOMWDTqVPnopFKGaoo
99,https://fastly.picsum.photos/id/208/400/400.jpg?hmac=eOOtyBfg7zHtzfGXTmu3JrYyihOVX2sU_a9OjXQaa50
99,https://fastly.picsum.photos/id/642/400/400.jpg?hmac=sG4X2WYFYYL4pk1n8IfjEmiR5VoJtefJfzjhdTpaLeA
99,https://fastly.picsum.photos/id/1031/400/400.jpg?hmac=nFo3kiVlUQ7IpHXhEjeutx6xOyFp2DPFzo9eg2AtX0I
99,https://fastly.picsum.photos/id/637/400/400.jpg?hmac=dRLhjpCMyK-rvq6Mh_q-UlRR_N6hTheaWMnaZeEnz_Y
99,https://fastly.picsum.photos/id/990/400/400.jpg?hmac=AQWrekLSql_UwSlfZAV_whKt7lqIAv4LoL_6PLqkAO0
100,https://fastly.picsum.photos/id/1054/400/400.jpg?hmac=tQB1YYxYgDdAseNnQ3Ewo_ZS1eVz2ONyLmZ_-2Uyy_E
100,https://fastly.picsum.photos/id/305/400/400.jpg?hmac=SoMCZhTXX6izu9lebOx4ZpM61Wk9REorgeeZft6f6kg
100,https://fastly.picsum.photos/id/1013/400/400.jpg?hmac=IPshdF4clrkLnbBc-G7DvuGrce6xlqEYnVizCwqrB3A
100,https://fastly.picsum.photos/id/165/400/400.jpg?hmac=2pNjhj20nxxGLi_7LTBU5NgrX60JSaoI4Nsq15NZDRQ
101,https://fastly.picsum.photos/id/358/400/400.jpg?hmac=ws6ColdsxC23yxENxHqQAteSM4QnRH-X4vKygHx_B0g
101,https://fastly.picsum.photos/id/249/400/400.jpg?hmac=RCyCS2_EtnAxqr-hHJL8Pmamyy9sn7d9CxDtJVrbWAs
101,https://fastly.picsum.photos/id/58/400/400.jpg?hmac=jQuDflPK74dBfpUd6reGbY3hi6IREJC9HsQe-_Lr9rM
101,https://fastly.picsum.photos/id/503/400/400.jpg?hmac=CSsJdCrx_m46C029sVAtMy5oL4KwaM2zZ_P9WhUBT98
101,https://fastly.picsum.photos/id/938/400/400.jpg?hmac=-pnp2hhj-gepkOl4YXT1L-eZMs0p_lQxOKUq--6zUF4
102,https://fastly.picsum.photos/id/57/400/400.jpg?hmac=f7TTv7JWj2qSu78t0A6gbhwMWG8WXXLe7qsrDZKC3d4
102,https://fastly.picsum.photos/id/279/400/400.jpg?hmac=AR_olfXwCSUsdtJHk4JJMNhtA99_KfWEMr6EVRff234
103,https://fastly.picsum.photos/id/358/400/400.jpg?hmac=ws6ColdsxC23yxENxHqQAteSM4QnRH-X4vKygHx_B0g
103,https://fastly.picsum.photos/id/358/400/400.jpg?hmac=ws6ColdsxC23yxENxHqQAteSM4QnRH-X4vKygHx_B0g
103,https://fastly.picsum.photos/id/162/400/400.jpg?hmac=K4cAzDwKlnW224C4pzJzqoDBYnyFx_r_wycolqysXIQ
103,https://fastly.picsum.photos/id/823/400/400.jpg?hmac=zD2JOVcnyEQitZ9ParFl0vy8ZJ4K28XAh4RzDRg0K_E
104,https://fastly.picsum.photos/id/858/400/400.jpg?hmac=Nb5PcrwaPuqbi7vAXj1JYKqBAWpPbTwK_RxAWv6wTFo
104,https://fastly.picsum.photos/id/447/400/400.jpg?hmac=cswK59OlU2m8NHWEeb0mNA-4MlZVrLf9-9lMn0eOAfE
104,https://fastly.picsum.photos/id/940/400/400.jpg?hmac=-2sTA1minw9QpqhwlBkLG_EBiADfH09BPU_VwY2fwVk
104,https://fastly.picsum.photos/id/522/400/400.jpg?hmac=1t1KtQINbgAMO6-r99mb0RXau9NzQuK5SltVtqh5rec
104,https://fastly.picsum.photos/id/562/400/400.jpg?hmac=lG-mAqOwH3UNyfJ2kBOUvagmSmYVnOTaE-34dAiSs2s
105,https://fastly.picsum.photos/id/637/400/400.jpg?hmac=dRLhjpCMyK-rvq6Mh_q-UlRR_N6hTheaWMnaZeEnz_Y
105,https://fastly.picsum.photos/id/1018/400/400.jpg?hmac=MwHJoMaVXsBbqg-LFoDVL6P8TCDkSEikExptCkkHESQ
105,https://fastly.picsum.photos/id/799/400/400.jpg?hmac=SQrQAgiQnC2qPi-aHGyMKBSGPXu7N1n_J5sphuPDUes
105,https://fastly.picsum.photos/id/358/400/400.jpg?hmac=ws6ColdsxC23yxENxHqQAteSM4QnRH-X4vKygHx_B0g
105,https://fastly.picsum.photos/id/680/400/400.jpg?hmac=zSHmxd-nPwXqcD28zMBIio6BniwtmOYbyFWRPo-bgQc
105,https://fastly.picsum.photos/id/588/400/400.jpg?hmac=YNof9QFmDmhg-cRnnDfLppdK6DTeHjr1FeP7jZ5ytk8
105,https://fastly.picsum.photos/id/562/400/400.jpg?hmac=lG-mAqOwH3UNyfJ2kBOUvagmSmYVnOTaE-34dAiSs2s
106,https://fastly.picsum.photos/id/678/400/400.jpg?hmac=_UyWsGoQX8ADlybW4nUY_kpn3xgCkfgEPZs688S5XJ4
106,https://fastly.picsum.photos/id/813/400/400.jpg?hmac=3eUkOPA1X4a9JB_fNq27cSoZ_ii17tUciJnLjDvW7lA
107,https://fastly.picsum.photos/id/553/400/400.jpg?hmac=4x03cgGGX1_AI8JbEmmtOashqfDEAMgcPqb6mw09-eo
107,https://fastly.picsum.photos/id/1035/400/400.jpg?hmac=ZE2bbZVX_OkxO97KzusXQSCcENFBG2zyZMseYN2CwrM
108,https://fastly.picsum.photos/id/58/400/400.jpg?hmac=jQuDflPK74dBfpUd6reGbY3hi6IREJC9HsQe-_Lr9rM
108,https://fastly.picsum.photos/id/700/400/400.jpg?hmac=LioHoTzbAdUMxyAIiUUQEmu80_1_SN0UPr8VpNgYxGs
108,https://fastly.picsum.photos/id/954/400/400.jpg?hmac=Ov_K_SaxkGtW_fJhn1L60ygBTPQOU5xBdCu8FsTX8lk
108,https://fastly.picsum.photos/id/732/400/400.jpg?hmac=dVeyGbhn4nFNQja8XaWyIvXeBv6b6ypODww7og0-U5s
109,https://fastly.picsum.photos/id/781/400/400.jpg?hmac=wgdJrpy_DW0E_-8AtJ04rn4b0gAomBY-WXLW_kbmv9c
109,https://fastly.picsum.photos/id/513/400/400.jpg?hmac=vPJppb7oLv9sl661tuTQeGBtE1q-ChHgc3eZ-8NXXzA
109,https://fastly.picsum.photos/id/678/400/400.jpg?hmac=_UyWsGoQX8ADlybW4nUY_kpn3xgCkfgEPZs688S5XJ4
109,https://fastly.picsum.photos/id/454/400/400.jpg?hmac=gNa9-nZrP5LIX1bSSxqo6wP-1wBpQQE18rEh3dlTeZk
109,https://fastly.picsum.photos/id/637/400/400.jpg?hmac=dRLhjpCMyK-rvq6Mh_q-UlRR_N6hTheaWMnaZeEnz_Y
110,https://fastly.picsum.photos/id/522/400/400.jpg?hmac=1t1KtQINbgAMO6-r99mb0RXau9NzQuK5SltVtqh5rec
111,https://fastly.picsum.photos/id/954/400/400.jpg?hmac=Ov_K_SaxkGtW_fJhn1L60ygBTPQOU5xBdCu8FsTX8lk
112,https://fastly.picsum.photos/id/305/400/400.jpg?hmac=SoMCZhTXX6izu9lebOx4ZpM61Wk9REorgeeZft6f6kg
112,https://fastly.picsum.photos/id/859/400/400.jpg?hmac=xXqZLY1pLY8bgeNWixWyG36s5QGtNA2G5IdNedqbxaM
112,https://fastly.picsum.photos/id/774/400/400.jpg?hmac=uDnhKbsrYwWj0eulWZhNCEMd-q7cM2a416N05g9Xhhg
112,https://fastly.picsum.photos/id/96/400/400.jpg?hmac=Dk827JJjclA8rM8TKwQT8Udpb36cDGAIOVR0eZZRRbc
112,https://fastly.picsum.photos/id/637/400/400.jpg?hmac=dRLhjpCMyK-rvq6Mh_q-UlRR_N6hTheaWMnaZeEnz_Y
112,https://fastly.picsum.photos/id/692/400/400.jpg?hmac=x6r3o24uJxAeQqdc-5ehUNgqoT2ttTrlXwGTR8ziO4I
112,https://fastly.picsum.photos/id/73/400/400.jpg?hmac=zWpB1s_65SmeFv9qjEBkEIHyN0la8V7v6m_MalSPkAE
113,https://fastly.picsum.photos/id/73/400/400.jpg?hmac=zWpB1s_65SmeFv9qjEBkEIHyN0la8V7v6m_MalSPkAE
113,https://fastly.picsum.photos/id/334/400/400.jpg?hmac=UpHNsYIHrauzlcGPuvPr_NnVeOBwx-6ivqTCh1_IaYE
113,https://fastly.picsum.photos/id/695/400/400.jpg?hmac=EhewcZbcbrAyVi3eDFv6PbITIaYEXC7GII6LdJ9znbY
113,https://fastly.picsum.photos/id/538/400/400.jpg?hmac=NKzt_WI6At3WwIW0R1CLB5cIpN2yCtY9A5kbdXnIYOE
113,https://fastly.picsum.photos/id/680/400/400.jpg?hmac=zSHmxd-nPwXqcD28zMBIio6BniwtmOYbyFWRPo-bgQc
114,https://fastly.picsum.photos/id/583/400/400.jpg?hmac=w4TG6bKp3S8mgkq3XjK2nnc71AIAzWhtl8jj-NGqzbI
114,https://fastly.picsum.photos/id/518/400/400.jpg?hmac=o9Hg_VvgGq4EfyIfNLeT5R4ERz4H7ZwnJy78WBw6Ybs
114,https://fastly.picsum.photos/id/352/400/400.jpg?hmac=lX7DQ0605V4LJ0K2XnQprEp5-0NWxrjbvlGAzNIeI2A
115,https://fastly.picsum.photos/id/911/400/400.jpg?hmac=co2_G5ovTdaAFQPZa2Qk2Iu9yI6DF5tX6-ix9CModKc
115,https://fastly.picsum.photos/id/692/400/400.jpg?hmac=x6r3o24uJxAeQqdc-5ehUNgqoT2ttTrlXwGTR8ziO4I
116,https://fastly.picsum.photos/id/423/400/400.jpg?hmac=0Y_2e7lsenUvr1NfNU0qypVFPkACWzUNDqq-KE_aqic
117,https://fastly.picsum.photos/id/945/400/400.jpg?hmac=5H_NzDUaLUNFNPg-Zvty16_Ua5GyAnCj3ifjf2evjaQ
117,https://fastly.picsum.photos/id/562/400/400.jpg?hmac=lG-mAqOwH3UNyfJ2kBOUvagmSmYVnOTaE-34dAiSs2s
118,https://fastly.picsum.photos/id/553/400/400.jpg?hmac=4x03cgGGX1_AI8JbEmmtOashqfDEAMgcPqb6mw09-eo
118,https://fastly.picsum.photos/id/530/400/400.jpg?hmac=C2AFShgWdO2KaV4cnodrRp6NSKtJjPHhae_dC6oeLOg
118,https://fastly.picsum.photos/id/954/400/400.jpg?hmac=Ov_K_SaxkGtW_fJhn1L60ygBTPQOU5xBdCu8FsTX8lk
118,https://fastly.picsum.photos/id/990/400/400.jpg?hmac=AQWrekLSql_UwSlfZAV_whKt7lqIAv4LoL_6PLqkAO0
118,https://fastly.picsum.photos/id/361/400/400.jpg?hmac=dGvCGtZrqkJNZ3d8N8OY3f5QWY8JfLQMzx7rivEhFHA
119,https://fastly.picsum.photos/id/96/400/400.jpg?hmac=Dk827JJjclA8rM8TKwQT8Udpb36cDGAIOVR0eZZRRbc
120,https://fastly.picsum.photos/id/692/400/400.jpg?hmac=x6r3o24uJxAeQqdc-5ehUNgqoT2ttTrlXwGTR8ziO4I
121,https://fastly.picsum.photos/id/123/400/400.jpg?hmac=QD7b6QzGyY7XjjhJTop0Jzk99lFU5RqAS89LBUl14pY
121,https://fastly.picsum.photos/id/588/400/400.jpg?hmac=YNof9QFmDmhg-cRnnDfLppdK6DTeHjr1FeP7jZ5ytk8
122,https://fastly.picsum.photos/id/588/400/400.jpg?hmac=YNof9QFmDmhg-cRnnDfLppdK6DTeHjr1FeP7jZ5ytk8
122,https://fastly.picsum.photos/id/781/400/400.jpg?hmac=wgdJrpy_DW0E_-8AtJ04rn4b0gAomBY-WXLW_kbmv9c
122,https://fastly.picsum.photos/id/642/400/400.jpg?hmac=sG4X2WYFYYL4pk1n8IfjEmiR5VoJtefJfzjhdTpaLeA
122,https://fastly.picsum.photos/id/1013/400/400.jpg?hmac=IPshdF4clrkLnbBc-G7DvuGrce6xlqEYnVizCwqrB3A
122,https://fastly.picsum.photos/id/238/400/400.jpg?hmac=EZ0gF5HUYfUrZCh1uVdIt0KZVfEf_oAnlX69srXrS2w
122,https://fastly.picsum.photos/id/392/400/400.jpg?hmac=vq1NAIQydGrW55AqpEh144ZyAOB55t9uPCzOPFJXJV0
122,https://fastly.picsum.photos/id/513/400/400.jpg?hmac=vPJppb7oLv9sl661tuTQeGBtE1q-ChHgc3eZ-8NXXzA
123,https://fastly.picsum.photos/id/352/400/400.jpg?hmac=lX7DQ0605V4LJ0K2XnQprEp5-0NWxrjbvlGAzNIeI2A
123,https://fastly.picsum.photos/id/613/400/400.jpg?hmac=T5VBlvR9xONOF3PKsf4fkYHovCjCMkzTn3X1nvMxZeg
123,https://fastly.picsum.photos/id/447/400/400.jpg?hmac=cswK59OlU2m8NHWEeb0mNA-4MlZVrLf9-9lMn0eOAfE
123,https://fastly.picsum.photos/id/938/400/400.jpg?hmac=-pnp2hhj-gepkOl4YXT1L-eZMs0p_lQxOKUq--6zUF4
124,https://fastly.picsum.photos/id/490/400/400.jpg?hmac=pxgQ0WptAycO-P3p53m8poeAXNJQ_3o5mqnhYy11l1w
124,https://fastly.picsum.photos/id/680/400/400.jpg?hmac=zSHmxd-nPwXqcD28zMBIio6BniwtmOYbyFWRPo-bgQc
124,https://fastly.picsum.photos/id/352/400/400.jpg?hmac=lX7DQ0605V4LJ0K2XnQprEp5-0NWxrjbvlGAzNIeI2A
124,https://fastly.picsum.photos/id/945/400/400.jpg?hmac=5H_NzDUaLUNFNPg-Zvty16_Ua5GyAnCj3ifjf2evjaQ
124,https://fastly.picsum.photos/id/156/400/400.jpg?hmac=GZdjhSIry7tkylV4574jxDkSdzOMWDTqVPnopFKGaoo
125,https://fastly.picsum.photos/id/613/400/400.jpg?hmac=T5VBlvR9xONOF3PKsf4fkYHovCjCMkzTn3X1nvMxZeg
125,https://fastly.picsum.photos/id/503/400/400.jpg?hmac=CSsJdCrx_m46C029sVAtMy5oL4KwaM2zZ_P9WhUBT98
125,https://fastly.picsum.photos/id/613/400/400.jpg?hmac=T5VBlvR9xONOF3PKsf4fkYHovCjCMkzTn3X1nvMxZeg
125,https://fastly.picsum.photos/id/191/400/400.jpg?hmac=YCCDFslYbRCTsYI0sqyLDlrA6WkswfZSs2ha8RQiNmU
125,https://fastly.picsum.photos/id/581/400/400.jpg?hmac=hwxtFszmLrsPiu7tNwSekrVbiD-QTBhbhFFo27A4H38
126,https://fastly.picsum.photos/id/454/400/400.jpg?hmac=gNa9-nZrP5LIX1bSSxqo6wP-1wBpQQE18rEh3dlTeZk
126,https://fastly.picsum.photos/id/165/400/400.jpg?hmac=2pNjhj20nxxGLi_7LTBU5NgrX60JSaoI4Nsq15NZDRQ
126,https://fastly.picsum.photos/id/312/400/400.jpg?hmac=8hI9poYLrBZpqYL1JPzcaKroAgaXj4mcFjlj7wS2IAs
126,https://fastly.picsum.photos/id/678/400/400.jpg?hmac=_UyWsGoQX8ADlybW4nUY_kpn3xgCkfgEPZs688S5XJ4
127,https://fastly.picsum.photos/id/522/400/400.jpg?hmac=1t1KtQINbgAMO6-r99mb0RXau9NzQuK5SltVtqh5rec
127,https://fastly.picsum.photos/id/162/400/400.jpg?hmac=K4cAzDwKlnW224C4pzJzqoDBYnyFx_r_wycolqysXIQ
127,https://fastly.picsum.photos/id/813/400/400.jpg?hmac=3eUkOPA1X4a9JB_fNq27cSoZ_ii17tUciJnLjDvW7lA
127,https://fastly.picsum.photos/id/655/400/400.jpg?hmac=M3L8FzZNxlC4tX2iPk4hmjmxf6OZNPaxHApWCrn2CEU
127,https://fastly.picsum.photos/id/583/400/400.jpg?hmac=w4TG6bKp3S8mgkq3XjK2nnc71AIAzWhtl8jj-NGqzbI
127,https://fastly.picsum.photos/id/23/400/400.jpg?hmac=A1FSOaAQ7D4BQCzj_VS_C9HmqMkd616oBBE9ZbIl0zo
128,https://fastly.picsum.photos/id/823/400/400.jpg?hmac=zD2JOVcnyEQitZ9ParFl0vy8ZJ4K28XAh4RzDRg0K_E
128,https://fastly.picsum.photos/id/1071/400/400.jpg?hmac=4Yn3n8EM483VK-ho9zFRF8sS92CzZ_Q_P7ybhgdKZas
128,https://fastly.picsum.photos/id/1013/400/400.jpg?hmac=IPshdF4clrkLnbBc-G7DvuGrce6xlqEYnVizCwqrB3A
128,https://fastly.picsum.photos/id/559/400/400.jpg?hmac=VtDOUMtOgu-SWe2JIejF4EjESOCTiOP2rr4omqf4GAo
128,https://fastly.picsum.photos/id/248/400/400.jpg?hmac=fe1xglCSblBCxLQdOdJnEPlFuTdLrdWkjUWqi9XQlWw
128,https://fastly.picsum.photos/id/453/400/400.jpg?hmac=ATZwYiGxnuGqFCNmS6rerxY2Y8vsPa4PFc2vQ1yYdxk
128,https://fastly.picsum.photos/id/23/400/400.jpg?hmac=A1FSOaAQ7D4BQCzj_VS_C9HmqMkd616oBBE9ZbIl0zo
129,https://fastly.picsum.photos/id/692/400/400.jpg?hmac=x6r3o24uJxAeQqdc-5ehUNgqoT2ttTrlXwGTR8ziO4I
129,https://fastly.picsum.photos/id/911/400/400.jpg?hmac=co2_G5ovTdaAFQPZa2Qk2Iu9yI6DF5tX6-ix9CModKc
129,https://fastly.picsum.photos/id/1055/400/400.jpg?hmac=XZnhdDWaMh2oV0HWmRlUfWN5saiBDECcwLwsJtqvUgE
130,https://fastly.picsum.photos/id/538/400/400.jpg?hmac=NKzt_WI6At3WwIW0R1CLB5cIpN2yCtY9A5kbdXnIYOE
130,https://fastly.picsum.photos/id/695/400/400.jpg?hmac=EhewcZbcbrAyVi3eDFv6PbITIaYEXC7GII6LdJ9znbY
131,https://fastly.picsum.photos/id/911/400/400.jpg?hmac=co2_G5ovTdaAFQPZa2Qk2Iu9yI6DF5tX6-ix9CModKc
131,https://fastly.picsum.photos/id/774/400/400.jpg?hmac=uDnhKbsrYwWj0eulWZhNCEMd-q7cM2a416N05g9Xhhg
131,https://fastly.picsum.photos/id/191/400/400.jpg?hmac=YCCDFslYbRCTsYI0sqyLDlrA6WkswfZSs2ha8RQiNmU
131,https://fastly.picsum.photos/id/453/400/400.jpg?hmac=ATZwYiGxnuGqFCNmS6rerxY2Y8vsPa4PFc2vQ1yYdxk
131,https://fastly.picsum.photos/id/680/400/400.jpg?hmac=zSHmxd-nPwXqcD28zMBIio6BniwtmOYbyFWRPo-bgQc
132,https://fastly.picsum.photos/id/503/400/400.jpg?hmac=CSsJdCrx_m46C029sVAtMy5oL4KwaM2zZ_P9WhUBT98
132,https://fastly.picsum.photos/id/1054/400/400.jpg?hmac=tQB1YYxYgDdAseNnQ3Ewo_ZS1eVz2ONyLmZ_-2Uyy_E
132,https://fastly.picsum.photos/id/588/400/400.jpg?hmac=YNof9QFmDmhg-cRnnDfLppdK6DTeHjr1FeP7jZ5ytk8
132,https://fastly.picsum.photos/id/858/400/400.jpg?hmac=Nb5PcrwaPuqbi7vAXj1JYKqBAWpPbTwK_RxAWv6wTFo
132,https://fastly.picsum.photos/id/678/400/400.jpg?hmac=_UyWsGoQX8ADlybW4nUY_kpn3xgCkfgEPZs688S5XJ4
133,https://fastly.picsum.photos/id/881/400/400.jpg?hmac=o-Q84ddqszROQ4dQ_zdPkldmzFEN7D6faHSYpk1PoEA
134,https://fastly.picsum.photos/id/553/400/400.jpg?hmac=4x03cgGGX1_AI8JbEmmtOashqfDEAMgcPqb6mw09-eo
134,https://fastly.picsum.photos/id/642/400/400.jpg?hmac=sG4X2WYFYYL4pk1n8IfjEmiR5VoJtefJfzjhdTpaLeA
134,https://fastly.picsum.photos/id/307/400/400.jpg?hmac=33QtVjjsh6K3RV2eKw9Uc8XSvAa87-TzC5KIRbf-dQY
134,https://fastly.picsum.photos/id/859/400/400.jpg?hmac=xXqZLY1pLY8bgeNWixWyG36s5QGtNA2G5IdNedqbxaM
134,https://fastly.picsum.photos/id/58/400/400.jpg?hmac=jQuDflPK74dBfpUd6reGbY3hi6IREJC9HsQe-_Lr9rM
135,https://fastly.picsum.photos/id/869/400/400.jpg?hmac=AoQVezsPrGgqOBq8D--yQtm_UThJYByISP4F8l-1kSU
136,https://fastly.picsum.photos/id/272/400/400.jpg?hmac=pglkkvUXH16SLoeID18NGfxozpQ6lWKmFKPey73_fM4
136,https://fastly.picsum.photos/id/732/400/400.jpg?hmac=dVeyGbhn4nFNQja8XaWyIvXeBv6b6ypODww7og0-U5s
136,https://fastly.picsum.photos/id/1035/400/400.jpg?hmac=ZE2bbZVX_OkxO97KzusXQSCcENFBG2zyZMseYN2CwrM
136,https://fastly.picsum.photos/id/57/400/400.jpg?hmac=f7TTv7JWj2qSu78t0A6gbhwMWG8WXXLe7qsrDZKC3d4
136,https://fastly.picsum.photos/id/1054/400/400.jpg?hmac=tQB1YYxYgDdAseNnQ3Ewo_ZS1eVz2ONyLmZ_-2Uyy_E
136,https://fastly.picsum.photos/id/375/400/400.jpg?hmac=Yf2SOXVFrZY3Cd77PTcJA5hllhpfYG48c39aiSaXVz0
136,https://fastly.picsum.photos/id/581/400/400.jpg?hmac=hwxtFszmLrsPiu7tNwSekrVbiD-QTBhbhFFo27A4H38
137,https://fastly.picsum.photos/id/732/400/400.jpg?hmac=dVeyGbhn4nFNQja8XaWyIvXeBv6b6ypODww7og0-U5s
137,https://fastly.picsum.photos/id/588/400/400.jpg?hmac=YNof9QFmDmhg-cRnnDfLppdK6DTeHjr1FeP7jZ5ytk8
138,https://fastly.picsum.photos/id/513/400/400.jpg?hmac=vPJppb7oLv9sl661tuTQeGBtE1q-ChHgc3eZ-8NXXzA
138,https://fastly.picsum.photos/id/409/400/400.jpg?hmac=wTpk94QN2lEwMS0IcP22wbN_24dSYIUJcCDUSpTpNzQ
138,https://fastly.picsum.photos/id/1018/400/400.jpg?hmac=MwHJoMaVXsBbqg-LFoDVL6P8TCDkSEikExptCkkHESQ
138,https://fastly.picsum.photos/id/859/400/400.jpg?hmac=xXqZLY1pLY8bgeNWixWyG36s5QGtNA2G5IdNedqbxaM
138,https://fastly.picsum.photos/id/858/400/400.jpg?hmac=Nb5PcrwaPuqbi7vAXj1JYKqBAWpPbTwK_RxAWv6wTFo
138,https://fastly.picsum.photos/id/334/400/400.jpg?hmac=UpHNsYIHrauzlcGPuvPr_NnVeOBwx-6ivqTCh1_IaYE
139,https://fastly.picsum.photos/id/559/400/400.jpg?hmac=VtDOUMtOgu-SWe2JIejF4EjESOCTiOP2rr4omqf4GAo
139,https://fastly.picsum.photos/id/799/400/400.jpg?hmac=SQrQAgiQnC2qPi-aHGyMKBSGPXu7N1n_J5sphuPDUes
140,https://fastly.picsum.photos/id/781/400/400.jpg?hmac=wgdJrpy_DW0E_-8AtJ04rn4b0gAomBY-WXLW_kbmv9c
140,https://fastly.picsum.photos/id/1071/400/400.jpg?hmac=4Yn3n8EM483VK-ho9zFRF8sS92CzZ_Q_P7ybhgdKZas
141,https://fastly.picsum.photos/id/6/400/400.jpg?hmac=n8qkuXeCCuicHIj6bS1b5F1nR6RlOkW62N7Y8DWD80o
141,https://fastly.picsum.photos/id/588/400/400.jpg?hmac=YNof9QFmDmhg-cRnnDfLppdK6DTeHjr1FeP7jZ5ytk8
142,https://fastly.picsum.photos/id/112/400/400.jpg?hmac=60KWAFCy-kqydDF41A6hT-Hc1_mOVJJFejEqh3a-8fc
142,https://fastly.picsum.photos/id/559/400/400.jpg?hmac=VtDOUMtOgu-SWe2JIejF4EjESOCTiOP2rr4omqf4GAo
142,https://fastly.picsum.photos/id/588/400/400.jpg?hmac=YNof9QFmDmhg-cRnnDfLppdK6DTeHjr1FeP7jZ5ytk8
142,https://fastly.picsum.photos/id/409/400/400.jpg?hmac=wTpk94QN2lEwMS0IcP22wbN_24dSYIUJcCDUSpTpNzQ
142,https://fastly.picsum.photos/id/361/400/400.jpg?hmac=dGvCGtZrqkJNZ3d8N8OY3f5QWY8JfLQMzx7rivEhFHA
142,https://fastly.picsum.photos/id/272/400/400.jpg?hmac=pglkkvUXH16SLoeID18NGfxozpQ6lWKmFKPey73_fM4
143,https://fastly.picsum.photos/id/238/400/400.jpg?hmac=EZ0gF5HUYfUrZCh1uVdIt0KZVfEf_oAnlX69srXrS2w
143,https://fastly.picsum.photos/id/238/400/400.jpg?hmac=EZ0gF5HUYfUrZCh1uVdIt0KZVfEf_oAnlX69srXrS2w
143,https://fastly.picsum.photos/id/208/400/400.jpg?hmac=eOOtyBfg7zHtzfGXTmu3JrYyihOVX2sU_a9OjXQaa50
143,https://fastly.picsum.photos/id/774/400/400.jpg?hmac=uDnhKbsrYwWj0eulWZhNCEMd-q7cM2a416N05g9Xhhg
143,https://fastly.picsum.photos/id/334/400/400.jpg?hmac=UpHNsYIHrauzlcGPuvPr_NnVeOBwx-6ivqTCh1_IaYE
143,https://fastly.picsum.photos/id/272/400/400.jpg?hmac=pglkkvUXH16SLoeID18NGfxozpQ6lWKmFKPey73_fM4
144,https://fastly.picsum.photos/id/655/400/400.jpg?hmac=M3L8FzZNxlC4tX2iPk4hmjmxf6OZNPaxHApWCrn2CEU
144,https://fastly.picsum.photos/id/423/400/400.jpg?hmac=0Y_2e7lsenUvr1NfNU0qypVFPkACWzUNDqq-KE_aqic
144,https://fastly.picsum.photos/id/954/400/400.jpg?hmac=Ov_K_SaxkGtW_fJhn1L60ygBTPQOU5xBdCu8FsTX8lk
145,https://fastly.picsum.photos/id/581/400/400.jpg?hmac=hwxtFszmLrsPiu7tNwSekrVbiD-QTBhbhFFo27A4H38
145,https://fastly.picsum.photos/id/924/400/400.jpg?hmac=tQftYvphtHBbujy0cbYoGqmMQV7TVpqA8endeZBgLhU
145,https://fastly.picsum.photos/id/249/400/400.jpg?hmac=RCyCS2_EtnAxqr-hHJL8Pmamyy9sn7d9CxDtJVrbWAs
145,https://fastly.picsum.photos/id/732/400/400.jpg?hmac=dVeyGbhn4nFNQja8XaWyIvXeBv6b6ypODww7og0-U5s
146,https://fastly.picsum.photos/id/954/400/400.jpg?hmac=Ov_K_SaxkGtW_fJhn1L60ygBTPQOU5xBdCu8FsTX8lk
146,https://fastly.picsum.photos/id/522/400/400.jpg?hmac=1t1KtQINbgAMO6-r99mb0RXau9NzQuK5SltVtqh5rec
146,https://fastly.picsum.photos/id/781/400/400.jpg?hmac=wgdJrpy_DW0E_-8AtJ04rn4b0gAomBY-WXLW_kbmv9c
146,https://fastly.picsum.photos/id/559/400/400.jpg?hmac=VtDOUMtOgu-SWe2JIejF4EjESOCTiOP2rr4omqf4GAo
146,https://fastly.picsum.photos/id/559/400/400.jpg?hmac=VtDOUMtOgu-SWe2JIejF4EjESOCTiOP2rr4omqf4GAo
146,https://fastly.picsum.photos/id/351/400/400.jpg?hmac=QemK0NgVfhKImDnnGFcVohDf53fHdXqHtB_DgXdFm_4
146,https://fastly.picsum.photos/id/123/400/400.jpg?hmac=QD7b6QzGyY7XjjhJTop0Jzk99lFU5RqAS89LBUl14pY
147,https://fastly.picsum.photos/id/307/400/400.jpg?hmac=33QtVjjsh6K3RV2eKw9Uc8XSvAa87-TzC5KIRbf-dQY
147,https://fastly.picsum.photos/id/680/400/400.jpg?hmac=zSHmxd-nPwXqcD28zMBIio6BniwtmOYbyFWRPo-bgQc
147,https://fastly.picsum.photos/id/361/400/400.jpg?hmac=dGvCGtZrqkJNZ3d8N8OY3f5QWY8JfLQMzx7rivEhFHA
148,https://fastly.picsum.photos/id/945/400/400.jpg?hmac=5H_NzDUaLUNFNPg-Zvty16_Ua5GyAnCj3ifjf2evjaQ
148,https://fastly.picsum.photos/id/702/400/400.jpg?hmac=Ni6iVGeZM9aTOYnUaLmRwGdPi25Gh9v_RXKomm9CCpY
148,https://fastly.picsum.photos/id/279/400/400.jpg?hmac=AR_olfXwCSUsdtJHk4JJMNhtA99_KfWEMr6EVRff234
149,https://fastly.picsum.photos/id/238/400/400.jpg?hmac=EZ0gF5HUYfUrZCh1uVdIt0KZVfEf_oAnlX69srXrS2w
149,https://fastly.picsum.photos/id/613/400/400.jpg?hmac=T5VBlvR9xONOF3PKsf4fkYHovCjCMkzTn3X1nvMxZeg
149,https://fastly.picsum.photos/id/447/400/400.jpg?hmac=cswK59OlU2m8NHWEeb0mNA-4MlZVrLf9-9lMn0eOAfE
149,https://fastly.picsum.photos/id/351/400/400.jpg?hmac=QemK0NgVfhKImDnnGFcVohDf53fHdXqHtB_DgXdFm_4
149,https://fastly.picsum.photos/id/559/400/400.jpg?hmac=VtDOUMtOgu-SWe2JIejF4EjESOCTiOP2rr4omqf4GAo
150,https://fastly.picsum.photos/id/869/400/400.jpg?hmac=AoQVezsPrGgqOBq8D--yQtm_UThJYByISP4F8l-1kSU
150,https://fastly.picsum.photos/id/642/400/400.jpg?hmac=sG4X2WYFYYL4pk1n8IfjEmiR5VoJtefJfzjhdTpaLeA
150,https://fastly.picsum.photos/id/678/400/400.jpg?hmac=_UyWsGoQX8ADlybW4nUY_kpn3xgCkfgEPZs688S5XJ4
150,https://fastly.picsum.photos/id/238/400/400.jpg?hmac=EZ0gF5HUYfUrZCh1uVdIt0KZVfEf_oAnlX69srXrS2w
151,https://fastly.picsum.photos/id/990/400/400.jpg?hmac=AQWrekLSql_UwSlfZAV_whKt7lqIAv4LoL_6PLqkAO0
151,https://fastly.picsum.photos/id/522/400/400.jpg?hmac=1t1KtQINbgAMO6-r99mb0RXau9NzQuK5SltVtqh5rec
151,https://fastly.picsum.photos/id/924/400/400.jpg?hmac=tQftYvphtHBbujy0cbYoGqmMQV7TVpqA8endeZBgLhU
151,https://fastly.picsum.photos/id/562/400/400.jpg?hmac=lG-mAqOwH3UNyfJ2kBOUvagmSmYVnOTaE-34dAiSs2s
152,https://fastly.picsum.photos/id/111/400/400.jpg?hmac=1dh4-ydpDy-Jer6EXsXl6O0_k9gHr2R03bJk9SJFohU
152,https://fastly.picsum.photos/id/237/400/400.jpg?hmac=xOOBt-lNJA0YjxEj0QoS_0PZV5iI3oxZA_weJ4E1xEw
152,https://fastly.picsum.photos/id/642/400/400.jpg?hmac=sG4X2WYFYYL4pk1n8IfjEmiR5VoJtefJfzjhdTpaLeA
153,https://fastly.picsum.photos/id/655/400/400.jpg?hmac=M3L8FzZNxlC4tX2iPk4hmjmxf6OZNPaxHApWCrn2CEU
153,https://fastly.picsum.photos/id/111/400/400.jpg?hmac=1dh4-ydpDy-Jer6EXsXl6O0_k9gHr2R03bJk9SJFohU
153,https://fastly.picsum.photos/id/165/400/400.jpg?hmac=2pNjhj20nxxGLi_7LTBU5NgrX60JSaoI4Nsq15NZDRQ
154,https://fastly.picsum.photos/id/373/400/400.jpg?hmac=dQpi3Dff0CF_exwrLszppfR4rLyf6WD-C6ShL7mHILk
154,https://fastly.picsum.photos/id/249/400/400.jpg?hmac=RCyCS2_EtnAxqr-hHJL8Pmamyy9sn7d9CxDtJVrbWAs
155,https://fastly.picsum.photos/id/248/400/400.jpg?hmac=fe1xglCSblBCxLQdOdJnEPlFuTdLrdWkjUWqi9XQlWw
155,https://fastly.picsum.photos/id/799/400/400.jpg?hmac=SQrQAgiQnC2qPi-aHGyMKBSGPXu7N1n_J5sphuPDUes
155,https://fastly.picsum.photos/id/522/400/400.jpg?hmac=1t1KtQINbgAMO6-r99mb0RXau9NzQuK5SltVtqh5rec
155,https://fastly.picsum.photos/id/588/400/400.jpg?hmac=YNof9QFmDmhg-cRnnDfLppdK6DTeHjr1FeP7jZ5ytk8
155,https://fastly.picsum.photos/id/680/400/400.jpg?hmac=zSHmxd-nPwXqcD28zMBIio6BniwtmOYbyFWRPo-bgQc
155,https://fastly.picsum.photos/id/1071/400/400.jpg?hmac=4Yn3n8EM483VK-ho9zFRF8sS92CzZ_Q_P7ybhgdKZas
156,https://fastly.picsum.photos/id/945/400/400.jpg?hmac=5H_NzDUaLUNFNPg-Zvty16_Ua5GyAnCj3ifjf2evjaQ
156,https://fastly.picsum.photos/id/361/400/400.jpg?hmac=dGvCGtZrqkJNZ3d8N8OY3f5QWY8JfLQMzx7rivEhFHA
156,https://fastly.picsum.photos/id/111/400/400.jpg?hmac=1dh4-ydpDy-Jer6EXsXl6O0_k9gHr2R03bJk9SJFohU
156,https://fastly.picsum.photos/id/6/400/400.jpg?hmac=n8qkuXeCCuicHIj6bS1b5F1nR6RlOkW62N7Y8DWD80o
156,https://fastly.picsum.photos/id/248/400/400.jpg?hmac=fe1xglCSblBCxLQdOdJnEPlFuTdLrdWkjUWqi9XQlWw
156,https://fastly.picsum.photos/id/279/400/400.jpg?hmac=AR_olfXwCSUsdtJHk4JJMNhtA99_KfWEMr6EVRff234
156,https://fastly.picsum.photos/id/249/400/400.jpg?hmac=RCyCS2_EtnAxqr-hHJL8Pmamyy9sn7d9CxDtJVrbWAs
157,https://fastly.picsum.photos/id/162/400/400.jpg?hmac=K4cAzDwKlnW224C4pzJzqoDBYnyFx_r_wycolqysXIQ
157,https://fastly.picsum.photos/id/530/400/400.jpg?hmac=C2AFShgWdO2KaV4cnodrRp6NSKtJjPHhae_dC6oeLOg
157,https://fastly.picsum.photos/id/678/400/400.jpg?hmac=_UyWsGoQX8ADlybW4nUY_kpn3xgCkfgEPZs688S5XJ4
157,https://fastly.picsum.photos/id/813/400/400.jpg?hmac=3eUkOPA1X4a9JB_fNq27cSoZ_ii17tUciJnLjDvW7lA
158,https://fastly.picsum.photos/id/732/400/400.jpg?hmac=dVeyGbhn4nFNQja8XaWyIvXeBv6b6ypODww7og0-U5s
158,https://fastly.picsum.photos/id/518/400/400.jpg?hmac=o9Hg_VvgGq4EfyIfNLeT5R4ERz4H7ZwnJy78WBw6Ybs
158,https://fastly.picsum.photos/id/823/400/400.jpg?hmac=zD2JOVcnyEQitZ9ParFl0vy8ZJ4K28XAh4RzDRg0K_E
159,https://fastly.picsum.photos/id/702/400/400.jpg?hmac=Ni6iVGeZM9aTOYnUaLmRwGdPi25Gh9v_RXKomm9CCpY
159,https://fastly.picsum.photos/id/165/400/400.jpg?hmac=2pNjhj20nxxGLi_7LTBU5NgrX60JSaoI4Nsq15NZDRQ
159,https://fastly.picsum.photos/id/57/400/400.jpg?hmac=f7TTv7JWj2qSu78t0A6gbhwMWG8WXXLe7qsrDZKC3d4
159,https://fastly.picsum.photos/id/503/400/400.jpg?hmac=CSsJdCrx_m46C029sVAtMy5oL4KwaM2zZ_P9WhUBT98
159,https://fastly.picsum.photos/id/139/400/400.jpg?hmac=Uo3ylOVkqbiLwCvoUlxv2l6PoudDGzYYV92C-Q5AVwM
159,https://fastly.picsum.photos/id/153/400/400.jpg?hmac=3TSGL4jmzwMcBMdDUOqw_vj6eOcUBeBHFeadjnyFpWQ
159,https://fastly.picsum.photos/id/869/400/400.jpg?hmac=AoQVezsPrGgqOBq8D--yQtm_UThJYByISP4F8l-1kSU
160,https://fastly.picsum.photos/id/139/400/400.jpg?hmac=Uo3ylOVkqbiLwCvoUlxv2l6PoudDGzYYV92C-Q5AVwM
160,https://fastly.picsum.photos/id/6/400/400.jpg?hmac=n8qkuXeCCuicHIj6bS1b5F1nR6RlOkW62N7Y8DWD80o
160,https://fastly.picsum.photos/id/1071/400/400.jpg?hmac=4Yn3n8EM483VK-ho9zFRF8sS92CzZ_Q_P7ybhgdKZas
160,https://fastly.picsum.photos/id/23/400/400.jpg?hmac=A1FSOaAQ7D4BQCzj_VS_C9HmqMkd616oBBE9ZbIl0zo
161,https://fastly.picsum.photos/id/518/400/400.jpg?hmac=o9Hg_VvgGq4EfyIfNLeT5R4ERz4H7ZwnJy78WBw6Ybs
161,https://fastly.picsum.photos/id/503/400/400.jpg?hmac=CSsJdCrx_m46C029sVAtMy5oL4KwaM2zZ_P9WhUBT98
161,https://fastly.picsum.photos/id/774/400/400.jpg?hmac=uDnhKbsrYwWj0eulWZhNCEMd-q7cM2a416N05g9Xhhg
161,https://fastly.picsum.photos/id/490/400/400.jpg?hmac=pxgQ0WptAycO-P3p53m8poeAXNJQ_3o5mqnhYy11l1w
162,https://fastly.picsum.photos/id/945/400/400.jpg?hmac=5H_NzDUaLUNFNPg-Zvty16_Ua5GyAnCj3ifjf2evjaQ
162,https://fastly.picsum.photos/id/859/400/400.jpg?hmac=xXqZLY1pLY8bgeNWixWyG36s5QGtNA2G5IdNedqbxaM
162,https://fastly.picsum.photos/id/191/400/400.jpg?hmac=YCCDFslYbRCTsYI0sqyLDlrA6WkswfZSs2ha8RQiNmU
162,https://fastly.picsum.photos/id/990/400/400.jpg?hmac=AQWrekLSql_UwSlfZAV_whKt7lqIAv4LoL_6PLqkAO0
162,https://fastly.picsum.photos/id/1028/400/400.jpg?hmac=vaxj4AJg8MJfcfV2XvAUavK82kfEFIPV1LDm4XYVqyk
163,https://fastly.picsum.photos/id/1028/400/400.jpg?hmac=vaxj4AJg8MJfcfV2XvAUavK82kfEFIPV1LDm4XYVqyk
163,https://fastly.picsum.photos/id/112/400/400.jpg?hmac=60KWAFCy-kqydDF41A6hT-Hc1_mOVJJFejEqh3a-8fc
163,https://fastly.picsum.photos/id/72/400/400.jpg?hmac=Plu7Ga8ryGrQh_ES-RSelfvt5JHDrz9SVxMWiUb2PKI
163,https://fastly.picsum.photos/id/454/400/400.jpg?hmac=gNa9-nZrP5LIX1bSSxqo6wP-1wBpQQE18rEh3dlTeZk
163,https://fastly.picsum.photos/id/312/400/400.jpg?hmac=8hI9poYLrBZpqYL1JPzcaKroAgaXj4mcFjlj7wS2IAs
163,https://fastly.picsum.photos/id/518/400/400.jpg?hmac=o9Hg_VvgGq4EfyIfNLeT5R4ERz4H7ZwnJy78WBw6Ybs
164,https://fastly.picsum.photos/id/513/400/400.jpg?hmac=vPJppb7oLv9sl661tuTQeGBtE1q-ChHgc3eZ-8NXXzA
165,https://fastly.picsum.photos/id/966/400/400.jpg?hmac=vTfdl7XUAXbnfiOQraT_4rOs-cUPhso7ZM6TihvkFhk
166,https://fastly.picsum.photos/id/858/400/400.jpg?hmac=Nb5PcrwaPuqbi7vAXj1JYKqBAWpPbTwK_RxAWv6wTFo
166,https://fastly.picsum.photos/id/165/400/400.jpg?hmac=2pNjhj20nxxGLi_7LTBU5NgrX60JSaoI4Nsq15NZDRQ
166,https://fastly.picsum.photos/id/826/400/400.jpg?hmac=nIp6K5g0Qmx36DCDTSbjRkH2Y4GyEABUxGWAtoT0IZg
166,https://fastly.picsum.photos/id/702/400/400.jpg?hmac=Ni6iVGeZM9aTOYnUaLmRwGdPi25Gh9v_RXKomm9CCpY
166,https://fastly.picsum.photos/id/702/400/400.jpg?hmac=Ni6iVGeZM9aTOYnUaLmRwGdPi25Gh9v_RXKomm9CCpY
166,https://fastly.picsum.photos/id/191/400/400.jpg?hmac=YCCDFslYbRCTsYI0sqyLDlrA6WkswfZSs2ha8RQiNmU
167,https://fastly.picsum.photos/id/111/400/400.jpg?hmac=1dh4-ydpDy-Jer6EXsXl6O0_k9gHr2R03bJk9SJFohU
167,https://fastly.picsum.photos/id/774/400/400.jpg?hmac=uDnhKbsrYwWj0eulWZhNCEMd-q7cM2a416N05g9Xhhg
167,https://fastly.picsum.photos/id/423/400/400.jpg?hmac=0Y_2e7lsenUvr1NfNU0qypVFPkACWzUNDqq-KE_aqic
167,https://fastly.picsum.photos/id/111/400/400.jpg?hmac=1dh4-ydpDy-Jer6EXsXl6O0_k9gHr2R03bJk9SJFohU
168,https://fastly.picsum.photos/id/112/400/400.jpg?hmac=60KWAFCy-kqydDF41A6hT-Hc1_mOVJJFejEqh3a-8fc
168,https://fastly.picsum.photos/id/352/400/400.jpg?hmac=lX7DQ0605V4LJ0K2XnQprEp5-0NWxrjbvlGAzNIeI2A
168,https://fastly.picsum.photos/id/352/400/400.jpg?hmac=lX7DQ0605V4LJ0K2XnQprEp5-0NWxrjbvlGAzNIeI2A
168,https://fastly.picsum.photos/id/375/400/400.jpg?hmac=Yf2SOXVFrZY3Cd77PTcJA5hllhpfYG48c39aiSaXVz0
168,https://fastly.picsum.photos/id/642/400/400.jpg?hmac=sG4X2WYFYYL4pk1n8IfjEmiR5VoJtefJfzjhdTpaLeA
168,https://fastly.picsum.photos/id/613/400/400.jpg?hmac=T5VBlvR9xONOF3PKsf4fkYHovCjCMkzTn3X1nvMxZeg
169,https://fastly.picsum.photos/id/1028/400/400.jpg?hmac=vaxj4AJg8MJfcfV2XvAUavK82kfEFIPV1LDm4XYVqyk
169,https://fastly.picsum.photos/id/954/400/400.jpg?hmac=Ov_K_SaxkGtW_fJhn1L60ygBTPQOU5xBdCu8FsTX8lk
169,https://fastly.picsum.photos/id/361/400/400.jpg?hmac=dGvCGtZrqkJNZ3d8N8OY3f5QWY8JfLQMzx7rivEhFHA
169,https://fastly.picsum.photos/id/559/400/400.jpg?hmac=VtDOUMtOgu-SWe2JIejF4EjESOCTiOP2rr4omqf4GAo
169,https://fastly.picsum.photos/id/6/400/400.jpg?hmac=n8qkuXeCCuicHIj6bS1b5F1nR6RlOkW62N7Y8DWD80o
170,https://fastly.picsum.photos/id/162/400/400.jpg?hmac=K4cAzDwKlnW224C4pzJzqoDBYnyFx_r_wycolqysXIQ
170,https://fastly.picsum.photos/id/924/400/400.jpg?hmac=tQftYvphtHBbujy0cbYoGqmMQV7TVpqA8endeZBgLhU
170,https://fastly.picsum.photos/id/334/400/400.jpg?hmac=UpHNsYIHrauzlcGPuvPr_NnVeOBwx-6ivqTCh1_IaYE
170,https://fastly.picsum.photos/id/911/400/400.jpg?hmac=co2_G5ovTdaAFQPZa2Qk2Iu9yI6DF5tX6-ix9CModKc
170,https://fastly.picsum.photos/id/678/400/400.jpg?hmac=_UyWsGoQX8ADlybW4nUY_kpn3xgCkfgEPZs688S5XJ4
170,https://fastly.picsum.photos/id/1018/400/400.jpg?hmac=MwHJoMaVXsBbqg-LFoDVL6P8TCDkSEikExptCkkHESQ
171,https://fastly.picsum.photos/id/112/400/400.jpg?hmac=60KWAFCy-kqydDF41A6hT-Hc1_mOVJJFejEqh3a-8fc
171,https://fastly.picsum.photos/id/613/400/400.jpg?hmac=T5VBlvR9xONOF3PKsf4fkYHovCjCMkzTn3X1nvMxZeg
171,https://fastly.picsum.photos/id/911/400/400.jpg?hmac=co2_G5ovTdaAFQPZa2Qk2Iu9yI6DF5tX6-ix9CModKc
172,https://fastly.picsum.photos/id/307/400/400.jpg?hmac=33QtVjjsh6K3RV2eKw9Uc8XSvAa87-TzC5KIRbf-dQY
172,https://fastly.picsum.photos/id/945/400/400.jpg?hmac=5H_NzDUaLUNFNPg-Zvty16_Ua5GyAnCj3ifjf2evjaQ
172,https://fastly.picsum.photos/id/613/400/400.jpg?hmac=T5VBlvR9xONOF3PKsf4fkYHovCjCMkzTn3X1nvMxZeg
172,https://fastly.picsum.photos/id/307/400/400.jpg?hmac=33QtVjjsh6K3RV2eKw9Uc8XSvAa87-TzC5KIRbf-dQY
172,https://fastly.picsum.photos/id/859/400/400.jpg?hmac=xXqZLY1pLY8bgeNWixWyG36s5QGtNA2G5IdNedqbxaM
172,https://fastly.picsum.photos/id/490/400/400.jpg?hmac=pxgQ0WptAycO-P3p53m8poeAXNJQ_3o5mqnhYy11l1w
172,https://fastly.picsum.photos/id/826/400/400.jpg?hmac=nIp6K5g0Qmx36DCDTSbjRkH2Y4GyEABUxGWAtoT0IZg
173,https://fastly.picsum.photos/id/692/400/400.jpg?hmac=x6r3o24uJxAeQqdc-5ehUNgqoT2ttTrlXwGTR8ziO4I
173,https://fastly.picsum.photos/id/373/400/400.jpg?hmac=dQpi3Dff0CF_exwrLszppfR4rLyf6WD-C6ShL7mHILk
173,https://fastly.picsum.photos/id/680/400/400.jpg?hmac=zSHmxd-nPwXqcD28zMBIio6BniwtmOYbyFWRPo-bgQc
174,https://fastly.picsum.photos/id/559/400/400.jpg?hmac=VtDOUMtOgu-SWe2JIejF4EjESOCTiOP2rr4omqf4GAo
174,https://fastly.picsum.photos/id/990/400/400.jpg?hmac=AQWrekLSql_UwSlfZAV_whKt7lqIAv4LoL_6PLqkAO0
175,https://fastly.picsum.photos/id/938/400/400.jpg?hmac=-pnp2hhj-gepkOl4YXT1L-eZMs0p_lQxOKUq--6zUF4
175,https://fastly.picsum.photos/id/700/400/400.jpg?hmac=LioHoTzbAdUMxyAIiUUQEmu80_1_SN0UPr8VpNgYxGs
175,https://fastly.picsum.photos/id/334/400/400.jpg?hmac=UpHNsYIHrauzlcGPuvPr_NnVeOBwx-6ivqTCh1_IaYE
176,https://fastly.picsum.photos/id/799/400/400.jpg?hmac=SQrQAgiQnC2qPi-aHGyMKBSGPXu7N1n_J5sphuPDUes
176,https://fastly.picsum.photos/id/447/400/400.jpg?hmac=cswK59OlU2m8NHWEeb0mNA-4MlZVrLf9-9lMn0eOAfE
176,https://fastly.picsum.photos/id/312/400/400.jpg?hmac=8hI9poYLrBZpqYL1JPzcaKroAgaXj4mcFjlj7wS2IAs
176,https://fastly.picsum.photos/id/732/400/400.jpg?hmac=dVeyGbhn4nFNQja8XaWyIvXeBv6b6ypODww7og0-U5s
177,https://fastly.picsum.photos/id/123/400/400.jpg?hmac=QD7b6QzGyY7XjjhJTop0Jzk99lFU5RqAS89LBUl14pY
177,https://fastly.picsum.photos/id/1035/400/400.jpg?hmac=ZE2bbZVX_OkxO97KzusXQSCcENFBG2zyZMseYN2CwrM
177,https://fastly.picsum.photos/id/1071/400/400.jpg?hmac=4Yn3n8EM483VK-ho9zFRF8sS92CzZ_Q_P7ybhgdKZas
177,https://fastly.picsum.photos/id/588/400/400.jpg?hmac=YNof9QFmDmhg-cRnnDfLppdK6DTeHjr1FeP7jZ5ytk8
177,https://fastly.picsum.photos/id/96/400/400.jpg?hmac=Dk827JJjclA8rM8TKwQT8Udpb36cDGAIOVR0eZZRRbc
177,https://fastly.picsum.photos/id/208/400/400.jpg?hmac=eOOtyBfg7zHtzfGXTmu3JrYyihOVX2sU_a9OjXQaa50
178,https://fastly.picsum.photos/id/881/400/400.jpg?hmac=o-Q84ddqszROQ4dQ_zdPkldmzFEN7D6faHSYpk1PoEA
178,https://fastly.picsum.photos/id/859/400/400.jpg?hmac=xXqZLY1pLY8bgeNWixWyG36s5QGtNA2G5IdNedqbxaM
178,https://fastly.picsum.photos/id/351/400/400.jpg?hmac=QemK0NgVfhKImDnnGFcVohDf53fHdXqHtB_DgXdFm_4
178,https://fastly.picsum.photos/id/162/400/400.jpg?hmac=K4cAzDwKlnW224C4pzJzqoDBYnyFx_r_wycolqysXIQ
179,https://fastly.picsum.photos/id/1055/400/400.jpg?hmac=XZnhdDWaMh2oV0HWmRlUfWN5saiBDECcwLwsJtqvUgE
179,https://fastly.picsum.photos/id/695/400/400.jpg?hmac=EhewcZbcbrAyVi3eDFv6PbITIaYEXC7GII6LdJ9znbY
179,https://fastly.picsum.photos/id/858/400/400.jpg?hmac=Nb5PcrwaPuqbi7vAXj1JYKqBAWpPbTwK_RxAWv6wTFo
180,https://fastly.picsum.photos/id/72/400/400.jpg?hmac=Plu7Ga8ryGrQh_ES-RSelfvt5JHDrz9SVxMWiUb2PKI
180,https://fastly.picsum.photos/id/1055/400/400.jpg?hmac=XZnhdDWaMh2oV0HWmRlUfWN5saiBDECcwLwsJtqvUgE
181,https://fastly.picsum.photos/id/23/400/400.jpg?hmac=A1FSOaAQ7D4BQCzj_VS_C9HmqMkd616oBBE9ZbIl0zo
181,https://fastly.picsum.photos/id/490/400/400.jpg?hmac=pxgQ0WptAycO-P3p53m8poeAXNJQ_3o5mqnhYy11l1w
182,https://fastly.picsum.photos/id/702/400/400.jpg?hmac=Ni6iVGeZM9aTOYnUaLmRwGdPi25Gh9v_RXKomm9CCpY
182,https://fastly.picsum.photos/id/392/400/400.jpg?hmac=vq1NAIQydGrW55AqpEh144ZyAOB55t9uPCzOPFJXJV0
182,https://fastly.picsum.photos/id/361/400/400.jpg?hmac=dGvCGtZrqkJNZ3d8N8OY3f5QWY8JfLQMzx7rivEhFHA
182,https://fastly.picsum.photos/id/57/400/400.jpg?hmac=f7TTv7JWj2qSu78t0A6gbhwMWG8WXXLe7qsrDZKC3d4
182,https://fastly.picsum.photos/id/249/400/400.jpg?hmac=RCyCS2_EtnAxqr-hHJL8Pmamyy9sn7d9CxDtJVrbWAs
183,https://fastly.picsum.photos/id/1028/400/400.jpg?hmac=vaxj4AJg8MJfcfV2XvAUavK82kfEFIPV1LDm4XYVqyk
183,https://fastly.picsum.photos/id/23/400/400.jpg?hmac=A1FSOaAQ7D4BQCzj_VS_C9HmqMkd616oBBE9ZbIl0zo
183,https://fastly.picsum.photos/id/73/400/400.jpg?hmac=zWpB1s_65SmeFv9qjEBkEIHyN0la8V7v6m_MalSPkAE
183,https://fastly.picsum.photos/id/990/400/400.jpg?hmac=AQWrekLSql_UwSlfZAV_whKt7lqIAv4LoL_6PLqkAO0
183,https://fastly.picsum.photos/id/538/400/400.jpg?hmac=NKzt_WI6At3WwIW0R1CLB5cIpN2yCtY9A5kbdXnIYOE
184,https://fastly.picsum.photos/id/583/400/400.jpg?hmac=w4TG6bKp3S8mgkq3XjK2nnc71AIAzWhtl8jj-NGqzbI
185,https://fastly.picsum.photos/id/732/400/400.jpg?hmac=dVeyGbhn4nFNQja8XaWyIvXeBv6b6ypODww7og0-U5s
185,https://fastly.picsum.photos/id/124/400/400.jpg?hmac=XRS4zzjM57I0M8_t1fmpTLHR8bQhJcHy2rJZ78j6ftU
185,https://fastly.picsum.photos/id/73/400/400.jpg?hmac=zWpB1s_65SmeFv9qjEBkEIHyN0la8V7v6m_MalSPkAE
186,https://fastly.picsum.photos/id/1071/400/400.jpg?hmac=4Yn3n8EM483VK-ho9zFRF8sS92CzZ_Q_P7ybhgdKZas
187,https://fastly.picsum.photos/id/990/400/400.jpg?hmac=AQWrekLSql_UwSlfZAV_whKt7lqIAv4LoL_6PLqkAO0
188,https://fastly.picsum.photos/id/530/400/400.jpg?hmac=C2AFShgWdO2KaV4cnodrRp6NSKtJjPHhae_dC6oeLOg
188,https://fastly.picsum.photos/id/588/400/400.jpg?hmac=YNof9QFmDmhg-cRnnDfLppdK6DTeHjr1FeP7jZ5ytk8
189,https://fastly.picsum.photos/id/525/400/400.jpg?hmac=WT3Pt7Kt7Nwxdc9gJLDo6MhJMX_BTaiL_jmKT5qM0yg
189,https://fastly.picsum.photos/id/156/400/400.jpg?hmac=GZdjhSIry7tkylV4574jxDkSdzOMWDTqVPnopFKGaoo
189,https://fastly.picsum.photos/id/392/400/400.jpg?hmac=vq1NAIQydGrW55AqpEh144ZyAOB55t9uPCzOPFJXJV0
189,https://fastly.picsum.photos/id/851/400/400.jpg?hmac=-DNfE5buq2TMgdKnMQVrwFzaGrDUgNlkZYK4F2eCaBE
189,https://fastly.picsum.photos/id/123/400/400.jpg?hmac=QD7b6QzGyY7XjjhJTop0Jzk99lFU5RqAS89LBUl14pY
189,https://fastly.picsum.photos/id/538/400/400.jpg?hmac=NKzt_WI6At3WwIW0R1CLB5cIpN2yCtY9A5kbdXnIYOE
189,https://fastly.picsum.photos/id/826/400/400.jpg?hmac=nIp6K5g0Qmx36DCDTSbjRkH2Y4GyEABUxGWAtoT0IZg
190,https://fastly.picsum.photos/id/358/400/400.jpg?hmac=ws6ColdsxC23yxENxHqQAteSM4QnRH-X4vKygHx_B0g
190,https://fastly.picsum.photos/id/312/400/400.jpg?hmac=8hI9poYLrBZpqYL1JPzcaKroAgaXj4mcFjlj7wS2IAs
190,https://fastly.picsum.photos/id/244/400/400.jpg?hmac=SENBSZUq29a-626toD3aqbH1sjj1ildBvynyhgZRrkU
190,https://fastly.picsum.photos/id/678/400/400.jpg?hmac=_UyWsGoQX8ADlybW4nUY_kpn3xgCkfgEPZs688S5XJ4
190,https://fastly.picsum.photos/id/358/400/400.jpg?hmac=ws6ColdsxC23yxENxHqQAteSM4QnRH-X4vKygHx_B0g
190,https://fastly.picsum.photos/id/6/400/400.jpg?hmac=n8qkuXeCCuicHIj6bS1b5F1nR6RlOkW62N7Y8DWD80o
191,https://fastly.picsum.photos/id/881/400/400.jpg?hmac=o-Q84ddqszROQ4dQ_zdPkldmzFEN7D6faHSYpk1PoEA
191,https://fastly.picsum.photos/id/351/400/400.jpg?hmac=QemK0NgVfhKImDnnGFcVohDf53fHdXqHtB_DgXdFm_4
191,https://fastly.picsum.photos/id/156/400/400.jpg?hmac=GZdjhSIry7tkylV4574jxDkSdzOMWDTqVPnopFKGaoo
192,https://fastly.picsum.photos/id/732/400/400.jpg?hmac=dVeyGbhn4nFNQja8XaWyIvXeBv6b6ypODww7og0-U5s
192,https://fastly.picsum.photos/id/312/400/400.jpg?hmac=8hI9poYLrBZpqYL1JPzcaKroAgaXj4mcFjlj7wS2IAs
192,https://fastly.picsum.photos/id/1071/400/400.jpg?hmac=4Yn3n8EM483VK-ho9zFRF8sS92CzZ_Q_P7ybhgdKZas
192,https://fastly.picsum.photos/id/613/400/400.jpg?hmac=T5VBlvR9xONOF3PKsf4fkYHovCjCMkzTn3X1nvMxZeg
192,https://fastly.picsum.photos/id/781/400/400.jpg?hmac=wgdJrpy_DW0E_-8AtJ04rn4b0gAomBY-WXLW_kbmv9c
192,https://fastly.picsum.photos/id/23/400/400.jpg?hmac=A1FSOaAQ7D4BQCzj_VS_C9HmqMkd616oBBE9ZbIl0zo
193,https://fastly.picsum.photos/id/813/400/400.jpg?hmac=3eUkOPA1X4a9JB_fNq27cSoZ_ii17tUciJnLjDvW7lA
194,https://fastly.picsum.photos/id/525/400/400.jpg?hmac=WT3Pt7Kt7Nwxdc9gJLDo6MhJMX_BTaiL_jmKT5qM0yg
194,https://fastly.picsum.photos/id/732/400/400.jpg?hmac=dVeyGbhn4nFNQja8XaWyIvXeBv6b6ypODww7og0-U5s
195,https://fastly.picsum.photos/id/774/400/400.jpg?hmac=uDnhKbsrYwWj0eulWZhNCEMd-q7cM2a416N05g9Xhhg
195,https://fastly.picsum.photos/id/702/400/400.jpg?hmac=Ni6iVGeZM9aTOYnUaLmRwGdPi25Gh9v_RXKomm9CCpY
195,https://fastly.picsum.photos/id/162/400/400.jpg?hmac=K4cAzDwKlnW224C4pzJzqoDBYnyFx_r_wycolqysXIQ
195,https://fastly.picsum.photos/id/375/400/400.jpg?hmac=Yf2SOXVFrZY3Cd77PTcJA5hllhpfYG48c39aiSaXVz0
195,https://fastly.picsum.photos/id/453/400/400.jpg?hmac=ATZwYiGxnuGqFCNmS6rerxY2Y8vsPa4PFc2vQ1yYdxk
195,https://fastly.picsum.photos/id/58/400/400.jpg?hmac=jQuDflPK74dBfpUd6reGbY3hi6IREJC9HsQe-_Lr9rM
196,https://fastly.picsum.photos/id/858/400/400.jpg?hmac=Nb5PcrwaPuqbi7vAXj1JYKqBAWpPbTwK_RxAWv6wTFo
196,https://fastly.picsum.photos/id/1013/400/400.jpg?hmac=IPshdF4clrkLnbBc-G7DvuGrce6xlqEYnVizCwqrB3A
196,https://fastly.picsum.photos/id/358/400/400.jpg?hmac=ws6ColdsxC23yxENxHqQAteSM4QnRH-X4vKygHx_B0g
197,https://fastly.picsum.photos/id/945/400/400.jpg?hmac=5H_NzDUaLUNFNPg-Zvty16_Ua5GyAnCj3ifjf2evjaQ
197,https://fastly.picsum.photos/id/938/400/400.jpg?hmac=-pnp2hhj-gepkOl4YXT1L-eZMs0p_lQxOKUq--6zUF4
197,https://fastly.picsum.photos/id/6/400/400.jpg?hmac=n8qkuXeCCuicHIj6bS1b5F1nR6RlOkW62N7Y8DWD80o
197,https://fastly.picsum.photos/id/938/400/400.jpg?hmac=-pnp2hhj-gepkOl4YXT1L-eZMs0p_lQxOKUq--6zUF4
197,https://fastly.picsum.photos/id/1054/400/400.jpg?hmac=tQB1YYxYgDdAseNnQ3Ewo_ZS1eVz2ONyLmZ_-2Uyy_E
197,https://fastly.picsum.photos/id/334/400/400.jpg?hmac=UpHNsYIHrauzlcGPuvPr_NnVeOBwx-6ivqTCh1_IaYE
197,https://fastly.picsum.photos/id/1035/400/400.jpg?hmac=ZE2bbZVX_OkxO97KzusXQSCcENFBG2zyZMseYN2CwrM
198,https://fastly.picsum.photos/id/562/400/400.jpg?hmac=lG-mAqOwH3UNyfJ2kBOUvagmSmYVnOTaE-34dAiSs2s
198,https://fastly.picsum.photos/id/924/400/400.jpg?hmac=tQftYvphtHBbujy0cbYoGqmMQV7TVpqA8endeZBgLhU
198,https://fastly.picsum.photos/id/1028/400/400.jpg?hmac=vaxj4AJg8MJfcfV2XvAUavK82kfEFIPV1LDm4XYVqyk
199,https://fastly.picsum.photos/id/153/400/400.jpg?hmac=3TSGL4jmzwMcBMdDUOqw_vj6eOcUBeBHFeadjnyFpWQ
199,https://fastly.picsum.photos/id/518/400/400.jpg?hmac=o9Hg_VvgGq4EfyIfNLeT5R4ERz4H7ZwnJy78WBw6Ybs
199,https://fastly.picsum.photos/id/613/400/400.jpg?hmac=T5VBlvR9xONOF3PKsf4fkYHovCjCMkzTn3X1nvMxZeg
199,https://fastly.picsum.photos/id/1054/400/400.jpg?hmac=tQB1YYxYgDdAseNnQ3Ewo_ZS1eVz2ONyLmZ_-2Uyy_E
199,https://fastly.picsum.photos/id/559/400/400.jpg?hmac=VtDOUMtOgu-SWe2JIejF4EjESOCTiOP2rr4omqf4GAo
200,https://fastly.picsum.photos/id/409/400/400.jpg?hmac=wTpk94QN2lEwMS0IcP22wbN_24dSYIUJcCDUSpTpNzQ
200,https://fastly.picsum.photos/id/637/400/400.jpg?hmac=dRLhjpCMyK-rvq6Mh_q-UlRR_N6hTheaWMnaZeEnz_Y
200,https://fastly.picsum.photos/id/191/400/400.jpg?hmac=YCCDFslYbRCTsYI0sqyLDlrA6WkswfZSs2ha8RQiNmU
200,https://fastly.picsum.photos/id/940/400/400.jpg?hmac=-2sTA1minw9QpqhwlBkLG_EBiADfH09BPU_VwY2fwVk
200,https://fastly.picsum.photos/id/208/400/400.jpg?hmac=eOOtyBfg7zHtzfGXTmu3JrYyihOVX2sU_a9OjXQaa50
200,https://fastly.picsum.photos/id/156/400/400.jpg?hmac=GZdjhSIry7tkylV4574jxDkSdzOMWDTqVPnopFKGaoo
200,https://fastly.picsum.photos/id/1018/400/400.jpg?hmac=MwHJoMaVXsBbqg-LFoDVL6P8TCDkSEikExptCkkHESQ
